model,outer_fold,trial_id,window_id,mass_g,predicted_mass_g
logistic_regression,1,mass_0.00g_trial_02,1,0.0,0.25
logistic_regression,1,mass_0.00g_trial_02,2,0.0,0.25
logistic_regression,1,mass_0.00g_trial_02,3,0.0,0.25
logistic_regression,1,mass_0.00g_trial_02,4,0.0,0.25
logistic_regression,1,mass_0.00g_trial_02,5,0.0,0.0
logistic_regression,1,mass_0.00g_trial_04,1,0.0,0.0
logistic_regression,1,mass_0.00g_trial_04,2,0.0,0.0
logistic_regression,1,mass_0.00g_trial_04,3,0.0,0.0
logistic_regression,1,mass_0.00g_trial_04,4,0.0,0.0
logistic_regression,1,mass_0.00g_trial_04,5,0.0,0.0
logistic_regression,1,mass_0.25g_trial_06,1,0.25,0.5
logistic_regression,1,mass_0.25g_trial_06,2,0.25,0.25
logistic_regression,1,mass_0.25g_trial_06,3,0.25,0.25
logistic_regression,1,mass_0.25g_trial_06,4,0.25,0.25
logistic_regression,1,mass_0.25g_trial_06,5,0.25,0.25
logistic_regression,1,mass_0.25g_trial_07,1,0.25,0.5
logistic_regression,1,mass_0.25g_trial_07,2,0.25,0.5
logistic_regression,1,mass_0.25g_trial_07,3,0.25,0.5
logistic_regression,1,mass_0.25g_trial_07,4,0.25,0.5
logistic_regression,1,mass_0.25g_trial_07,5,0.25,0.5
logistic_regression,1,mass_0.50g_trial_02,1,0.5,0.25
logistic_regression,1,mass_0.50g_trial_02,2,0.5,0.25
logistic_regression,1,mass_0.50g_trial_02,3,0.5,0.25
logistic_regression,1,mass_0.50g_trial_02,4,0.5,0.25
logistic_regression,1,mass_0.50g_trial_02,5,0.5,0.25
logistic_regression,1,mass_0.50g_trial_06,1,0.5,0.25
logistic_regression,1,mass_0.50g_trial_06,2,0.5,0.25
logistic_regression,1,mass_0.50g_trial_06,3,0.5,0.25
logistic_regression,1,mass_0.50g_trial_06,4,0.5,0.25
logistic_regression,1,mass_0.50g_trial_06,5,0.5,0.25
logistic_regression,1,mass_0.75g_trial_03,1,0.75,0.25
logistic_regression,1,mass_0.75g_trial_03,2,0.75,0.25
logistic_regression,1,mass_0.75g_trial_03,3,0.75,0.25
logistic_regression,1,mass_0.75g_trial_03,4,0.75,0.25
logistic_regression,1,mass_0.75g_trial_03,5,0.75,0.25
logistic_regression,1,mass_1.00g_trial_05,1,1.0,0.75
logistic_regression,1,mass_1.00g_trial_05,2,1.0,0.75
logistic_regression,1,mass_1.00g_trial_05,3,1.0,0.75
logistic_regression,1,mass_1.00g_trial_05,4,1.0,0.5
logistic_regression,1,mass_1.00g_trial_05,5,1.0,1.0
logistic_regression,1,mass_1.00g_trial_09,1,1.0,0.5
logistic_regression,1,mass_1.00g_trial_09,2,1.0,0.75
logistic_regression,1,mass_1.00g_trial_09,3,1.0,0.5
logistic_regression,1,mass_1.00g_trial_09,4,1.0,0.5
logistic_regression,1,mass_1.00g_trial_09,5,1.0,0.5
svm_rbf,1,mass_0.00g_trial_02,1,0.0,0.25
svm_rbf,1,mass_0.00g_trial_02,2,0.0,0.25
svm_rbf,1,mass_0.00g_trial_02,3,0.0,0.0
svm_rbf,1,mass_0.00g_trial_02,4,0.0,0.0
svm_rbf,1,mass_0.00g_trial_02,5,0.0,0.0
svm_rbf,1,mass_0.00g_trial_04,1,0.0,0.0
svm_rbf,1,mass_0.00g_trial_04,2,0.0,0.0
svm_rbf,1,mass_0.00g_trial_04,3,0.0,0.0
svm_rbf,1,mass_0.00g_trial_04,4,0.0,0.0
svm_rbf,1,mass_0.00g_trial_04,5,0.0,0.0
svm_rbf,1,mass_0.25g_trial_06,1,0.25,0.5
svm_rbf,1,mass_0.25g_trial_06,2,0.25,0.25
svm_rbf,1,mass_0.25g_trial_06,3,0.25,0.25
svm_rbf,1,mass_0.25g_trial_06,4,0.25,0.25
svm_rbf,1,mass_0.25g_trial_06,5,0.25,0.25
svm_rbf,1,mass_0.25g_trial_07,1,0.25,0.5
svm_rbf,1,mass_0.25g_trial_07,2,0.25,0.5
svm_rbf,1,mass_0.25g_trial_07,3,0.25,0.5
svm_rbf,1,mass_0.25g_trial_07,4,0.25,0.5
svm_rbf,1,mass_0.25g_trial_07,5,0.25,0.5
svm_rbf,1,mass_0.50g_trial_02,1,0.5,0.25
svm_rbf,1,mass_0.50g_trial_02,2,0.5,0.25
svm_rbf,1,mass_0.50g_trial_02,3,0.5,0.25
svm_rbf,1,mass_0.50g_trial_02,4,0.5,0.25
svm_rbf,1,mass_0.50g_trial_02,5,0.5,0.25
svm_rbf,1,mass_0.50g_trial_06,1,0.5,0.25
svm_rbf,1,mass_0.50g_trial_06,2,0.5,0.25
svm_rbf,1,mass_0.50g_trial_06,3,0.5,0.25
svm_rbf,1,mass_0.50g_trial_06,4,0.5,0.25
svm_rbf,1,mass_0.50g_trial_06,5,0.5,0.25
svm_rbf,1,mass_0.75g_trial_03,1,0.75,0.25
svm_rbf,1,mass_0.75g_trial_03,2,0.75,0.75
svm_rbf,1,mass_0.75g_trial_03,3,0.75,0.25
svm_rbf,1,mass_0.75g_trial_03,4,0.75,0.75
svm_rbf,1,mass_0.75g_trial_03,5,0.75,0.75
svm_rbf,1,mass_1.00g_trial_05,1,1.0,0.75
svm_rbf,1,mass_1.00g_trial_05,2,1.0,0.75
svm_rbf,1,mass_1.00g_trial_05,3,1.0,0.75
svm_rbf,1,mass_1.00g_trial_05,4,1.0,0.75
svm_rbf,1,mass_1.00g_trial_05,5,1.0,0.75
svm_rbf,1,mass_1.00g_trial_09,1,1.0,0.75
svm_rbf,1,mass_1.00g_trial_09,2,1.0,0.75
svm_rbf,1,mass_1.00g_trial_09,3,1.0,0.75
svm_rbf,1,mass_1.00g_trial_09,4,1.0,0.75
svm_rbf,1,mass_1.00g_trial_09,5,1.0,0.75
random_forest,1,mass_0.00g_trial_02,1,0.0,0.0
random_forest,1,mass_0.00g_trial_02,2,0.0,0.0
random_forest,1,mass_0.00g_trial_02,3,0.0,0.0
random_forest,1,mass_0.00g_trial_02,4,0.0,0.0
random_forest,1,mass_0.00g_trial_02,5,0.0,0.0
random_forest,1,mass_0.00g_trial_04,1,0.0,0.0
random_forest,1,mass_0.00g_trial_04,2,0.0,0.0
random_forest,1,mass_0.00g_trial_04,3,0.0,0.0
random_forest,1,mass_0.00g_trial_04,4,0.0,0.0
random_forest,1,mass_0.00g_trial_04,5,0.0,0.0
random_forest,1,mass_0.25g_trial_06,1,0.25,0.25
random_forest,1,mass_0.25g_trial_06,2,0.25,0.25
random_forest,1,mass_0.25g_trial_06,3,0.25,0.25
random_forest,1,mass_0.25g_trial_06,4,0.25,0.25
random_forest,1,mass_0.25g_trial_06,5,0.25,0.25
random_forest,1,mass_0.25g_trial_07,1,0.25,0.5
random_forest,1,mass_0.25g_trial_07,2,0.25,0.5
random_forest,1,mass_0.25g_trial_07,3,0.25,0.5
random_forest,1,mass_0.25g_trial_07,4,0.25,0.5
random_forest,1,mass_0.25g_trial_07,5,0.25,0.5
random_forest,1,mass_0.50g_trial_02,1,0.5,0.25
random_forest,1,mass_0.50g_trial_02,2,0.5,0.25
random_forest,1,mass_0.50g_trial_02,3,0.5,0.25
random_forest,1,mass_0.50g_trial_02,4,0.5,0.25
random_forest,1,mass_0.50g_trial_02,5,0.5,0.25
random_forest,1,mass_0.50g_trial_06,1,0.5,0.25
random_forest,1,mass_0.50g_trial_06,2,0.5,0.25
random_forest,1,mass_0.50g_trial_06,3,0.5,0.25
random_forest,1,mass_0.50g_trial_06,4,0.5,0.25
random_forest,1,mass_0.50g_trial_06,5,0.5,0.25
random_forest,1,mass_0.75g_trial_03,1,0.75,0.5
random_forest,1,mass_0.75g_trial_03,2,0.75,0.75
random_forest,1,mass_0.75g_trial_03,3,0.75,0.25
random_forest,1,mass_0.75g_trial_03,4,0.75,0.75
random_forest,1,mass_0.75g_trial_03,5,0.75,0.75
random_forest,1,mass_1.00g_trial_05,1,1.0,0.75
random_forest,1,mass_1.00g_trial_05,2,1.0,0.75
random_forest,1,mass_1.00g_trial_05,3,1.0,0.75
random_forest,1,mass_1.00g_trial_05,4,1.0,0.5
random_forest,1,mass_1.00g_trial_05,5,1.0,0.75
random_forest,1,mass_1.00g_trial_09,1,1.0,0.5
random_forest,1,mass_1.00g_trial_09,2,1.0,0.75
random_forest,1,mass_1.00g_trial_09,3,1.0,0.75
random_forest,1,mass_1.00g_trial_09,4,1.0,0.5
random_forest,1,mass_1.00g_trial_09,5,1.0,0.75
gradient_boosting,1,mass_0.00g_trial_02,1,0.0,0.0
gradient_boosting,1,mass_0.00g_trial_02,2,0.0,0.0
gradient_boosting,1,mass_0.00g_trial_02,3,0.0,0.0
gradient_boosting,1,mass_0.00g_trial_02,4,0.0,0.0
gradient_boosting,1,mass_0.00g_trial_02,5,0.0,0.0
gradient_boosting,1,mass_0.00g_trial_04,1,0.0,0.0
gradient_boosting,1,mass_0.00g_trial_04,2,0.0,0.0
gradient_boosting,1,mass_0.00g_trial_04,3,0.0,0.0
gradient_boosting,1,mass_0.00g_trial_04,4,0.0,0.0
gradient_boosting,1,mass_0.00g_trial_04,5,0.0,0.0
gradient_boosting,1,mass_0.25g_trial_06,1,0.25,0.25
gradient_boosting,1,mass_0.25g_trial_06,2,0.25,0.25
gradient_boosting,1,mass_0.25g_trial_06,3,0.25,0.25
gradient_boosting,1,mass_0.25g_trial_06,4,0.25,0.25
gradient_boosting,1,mass_0.25g_trial_06,5,0.25,0.25
gradient_boosting,1,mass_0.25g_trial_07,1,0.25,0.5
gradient_boosting,1,mass_0.25g_trial_07,2,0.25,0.5
gradient_boosting,1,mass_0.25g_trial_07,3,0.25,0.5
gradient_boosting,1,mass_0.25g_trial_07,4,0.25,0.5
gradient_boosting,1,mass_0.25g_trial_07,5,0.25,0.5
gradient_boosting,1,mass_0.50g_trial_02,1,0.5,0.25
gradient_boosting,1,mass_0.50g_trial_02,2,0.5,0.25
gradient_boosting,1,mass_0.50g_trial_02,3,0.5,0.25
gradient_boosting,1,mass_0.50g_trial_02,4,0.5,0.25
gradient_boosting,1,mass_0.50g_trial_02,5,0.5,0.25
gradient_boosting,1,mass_0.50g_trial_06,1,0.5,0.25
gradient_boosting,1,mass_0.50g_trial_06,2,0.5,0.25
gradient_boosting,1,mass_0.50g_trial_06,3,0.5,0.25
gradient_boosting,1,mass_0.50g_trial_06,4,0.5,0.25
gradient_boosting,1,mass_0.50g_trial_06,5,0.5,0.25
gradient_boosting,1,mass_0.75g_trial_03,1,0.75,0.75
gradient_boosting,1,mass_0.75g_trial_03,2,0.75,1.0
gradient_boosting,1,mass_0.75g_trial_03,3,0.75,0.25
gradient_boosting,1,mass_0.75g_trial_03,4,0.75,0.75
gradient_boosting,1,mass_0.75g_trial_03,5,0.75,0.75
gradient_boosting,1,mass_1.00g_trial_05,1,1.0,0.75
gradient_boosting,1,mass_1.00g_trial_05,2,1.0,0.75
gradient_boosting,1,mass_1.00g_trial_05,3,1.0,0.5
gradient_boosting,1,mass_1.00g_trial_05,4,1.0,0.75
gradient_boosting,1,mass_1.00g_trial_05,5,1.0,0.75
gradient_boosting,1,mass_1.00g_trial_09,1,1.0,0.5
gradient_boosting,1,mass_1.00g_trial_09,2,1.0,0.75
gradient_boosting,1,mass_1.00g_trial_09,3,1.0,0.75
gradient_boosting,1,mass_1.00g_trial_09,4,1.0,0.75
gradient_boosting,1,mass_1.00g_trial_09,5,1.0,0.5
logistic_regression,2,mass_0.00g_trial_07,1,0.0,0.0
logistic_regression,2,mass_0.00g_trial_07,2,0.0,0.0
logistic_regression,2,mass_0.00g_trial_07,3,0.0,0.0
logistic_regression,2,mass_0.00g_trial_07,4,0.0,0.0
logistic_regression,2,mass_0.00g_trial_07,5,0.0,0.0
logistic_regression,2,mass_0.00g_trial_10,1,0.0,0.0
logistic_regression,2,mass_0.00g_trial_10,2,0.0,0.0
logistic_regression,2,mass_0.00g_trial_10,3,0.0,0.0
logistic_regression,2,mass_0.00g_trial_10,4,0.0,0.0
logistic_regression,2,mass_0.00g_trial_10,5,0.0,0.0
logistic_regression,2,mass_0.25g_trial_02,1,0.25,0.5
logistic_regression,2,mass_0.25g_trial_02,2,0.25,0.5
logistic_regression,2,mass_0.25g_trial_02,3,0.25,0.5
logistic_regression,2,mass_0.25g_trial_02,4,0.25,0.5
logistic_regression,2,mass_0.25g_trial_02,5,0.25,0.5
logistic_regression,2,mass_0.25g_trial_03,1,0.25,0.25
logistic_regression,2,mass_0.25g_trial_03,2,0.25,0.5
logistic_regression,2,mass_0.25g_trial_03,3,0.25,0.25
logistic_regression,2,mass_0.25g_trial_03,4,0.25,0.25
logistic_regression,2,mass_0.25g_trial_03,5,0.25,0.25
logistic_regression,2,mass_0.50g_trial_03,1,0.5,0.5
logistic_regression,2,mass_0.50g_trial_03,2,0.5,0.5
logistic_regression,2,mass_0.50g_trial_03,3,0.5,0.75
logistic_regression,2,mass_0.50g_trial_03,4,0.5,0.5
logistic_regression,2,mass_0.50g_trial_03,5,0.5,0.5
logistic_regression,2,mass_0.75g_trial_04,1,0.75,1.0
logistic_regression,2,mass_0.75g_trial_04,2,0.75,1.0
logistic_regression,2,mass_0.75g_trial_04,3,0.75,1.0
logistic_regression,2,mass_0.75g_trial_04,4,0.75,1.0
logistic_regression,2,mass_0.75g_trial_04,5,0.75,1.0
logistic_regression,2,mass_0.75g_trial_09,1,0.75,1.0
logistic_regression,2,mass_0.75g_trial_09,2,0.75,1.0
logistic_regression,2,mass_0.75g_trial_09,3,0.75,1.0
logistic_regression,2,mass_0.75g_trial_09,4,0.75,1.0
logistic_regression,2,mass_0.75g_trial_09,5,0.75,1.0
logistic_regression,2,mass_1.00g_trial_06,1,1.0,1.0
logistic_regression,2,mass_1.00g_trial_06,2,1.0,1.0
logistic_regression,2,mass_1.00g_trial_06,3,1.0,1.0
logistic_regression,2,mass_1.00g_trial_06,4,1.0,1.0
logistic_regression,2,mass_1.00g_trial_06,5,1.0,1.0
svm_rbf,2,mass_0.00g_trial_07,1,0.0,0.0
svm_rbf,2,mass_0.00g_trial_07,2,0.0,0.0
svm_rbf,2,mass_0.00g_trial_07,3,0.0,0.0
svm_rbf,2,mass_0.00g_trial_07,4,0.0,0.0
svm_rbf,2,mass_0.00g_trial_07,5,0.0,0.0
svm_rbf,2,mass_0.00g_trial_10,1,0.0,0.0
svm_rbf,2,mass_0.00g_trial_10,2,0.0,0.0
svm_rbf,2,mass_0.00g_trial_10,3,0.0,0.0
svm_rbf,2,mass_0.00g_trial_10,4,0.0,0.0
svm_rbf,2,mass_0.00g_trial_10,5,0.0,0.0
svm_rbf,2,mass_0.25g_trial_02,1,0.25,0.5
svm_rbf,2,mass_0.25g_trial_02,2,0.25,0.5
svm_rbf,2,mass_0.25g_trial_02,3,0.25,0.5
svm_rbf,2,mass_0.25g_trial_02,4,0.25,0.5
svm_rbf,2,mass_0.25g_trial_02,5,0.25,0.5
svm_rbf,2,mass_0.25g_trial_03,1,0.25,0.25
svm_rbf,2,mass_0.25g_trial_03,2,0.25,0.25
svm_rbf,2,mass_0.25g_trial_03,3,0.25,0.25
svm_rbf,2,mass_0.25g_trial_03,4,0.25,0.25
svm_rbf,2,mass_0.25g_trial_03,5,0.25,0.25
svm_rbf,2,mass_0.50g_trial_03,1,0.5,0.5
svm_rbf,2,mass_0.50g_trial_03,2,0.5,1.0
svm_rbf,2,mass_0.50g_trial_03,3,0.5,0.75
svm_rbf,2,mass_0.50g_trial_03,4,0.5,0.5
svm_rbf,2,mass_0.50g_trial_03,5,0.5,0.5
svm_rbf,2,mass_0.75g_trial_04,1,0.75,1.0
svm_rbf,2,mass_0.75g_trial_04,2,0.75,1.0
svm_rbf,2,mass_0.75g_trial_04,3,0.75,1.0
svm_rbf,2,mass_0.75g_trial_04,4,0.75,1.0
svm_rbf,2,mass_0.75g_trial_04,5,0.75,1.0
svm_rbf,2,mass_0.75g_trial_09,1,0.75,1.0
svm_rbf,2,mass_0.75g_trial_09,2,0.75,1.0
svm_rbf,2,mass_0.75g_trial_09,3,0.75,1.0
svm_rbf,2,mass_0.75g_trial_09,4,0.75,1.0
svm_rbf,2,mass_0.75g_trial_09,5,0.75,1.0
svm_rbf,2,mass_1.00g_trial_06,1,1.0,0.75
svm_rbf,2,mass_1.00g_trial_06,2,1.0,0.75
svm_rbf,2,mass_1.00g_trial_06,3,1.0,0.75
svm_rbf,2,mass_1.00g_trial_06,4,1.0,0.75
svm_rbf,2,mass_1.00g_trial_06,5,1.0,0.5
random_forest,2,mass_0.00g_trial_07,1,0.0,0.0
random_forest,2,mass_0.00g_trial_07,2,0.0,0.0
random_forest,2,mass_0.00g_trial_07,3,0.0,0.0
random_forest,2,mass_0.00g_trial_07,4,0.0,0.0
random_forest,2,mass_0.00g_trial_07,5,0.0,0.0
random_forest,2,mass_0.00g_trial_10,1,0.0,0.0
random_forest,2,mass_0.00g_trial_10,2,0.0,0.0
random_forest,2,mass_0.00g_trial_10,3,0.0,0.0
random_forest,2,mass_0.00g_trial_10,4,0.0,0.0
random_forest,2,mass_0.00g_trial_10,5,0.0,0.0
random_forest,2,mass_0.25g_trial_02,1,0.25,0.5
random_forest,2,mass_0.25g_trial_02,2,0.25,0.5
random_forest,2,mass_0.25g_trial_02,3,0.25,0.5
random_forest,2,mass_0.25g_trial_02,4,0.25,0.5
random_forest,2,mass_0.25g_trial_02,5,0.25,0.5
random_forest,2,mass_0.25g_trial_03,1,0.25,0.25
random_forest,2,mass_0.25g_trial_03,2,0.25,0.25
random_forest,2,mass_0.25g_trial_03,3,0.25,0.25
random_forest,2,mass_0.25g_trial_03,4,0.25,0.25
random_forest,2,mass_0.25g_trial_03,5,0.25,0.25
random_forest,2,mass_0.50g_trial_03,1,0.5,0.5
random_forest,2,mass_0.50g_trial_03,2,0.5,1.0
random_forest,2,mass_0.50g_trial_03,3,0.5,0.5
random_forest,2,mass_0.50g_trial_03,4,0.5,0.5
random_forest,2,mass_0.50g_trial_03,5,0.5,0.5
random_forest,2,mass_0.75g_trial_04,1,0.75,1.0
random_forest,2,mass_0.75g_trial_04,2,0.75,1.0
random_forest,2,mass_0.75g_trial_04,3,0.75,1.0
random_forest,2,mass_0.75g_trial_04,4,0.75,1.0
random_forest,2,mass_0.75g_trial_04,5,0.75,1.0
random_forest,2,mass_0.75g_trial_09,1,0.75,1.0
random_forest,2,mass_0.75g_trial_09,2,0.75,1.0
random_forest,2,mass_0.75g_trial_09,3,0.75,1.0
random_forest,2,mass_0.75g_trial_09,4,0.75,1.0
random_forest,2,mass_0.75g_trial_09,5,0.75,1.0
random_forest,2,mass_1.00g_trial_06,1,1.0,1.0
random_forest,2,mass_1.00g_trial_06,2,1.0,1.0
random_forest,2,mass_1.00g_trial_06,3,1.0,1.0
random_forest,2,mass_1.00g_trial_06,4,1.0,1.0
random_forest,2,mass_1.00g_trial_06,5,1.0,1.0
gradient_boosting,2,mass_0.00g_trial_07,1,0.0,0.0
gradient_boosting,2,mass_0.00g_trial_07,2,0.0,0.0
gradient_boosting,2,mass_0.00g_trial_07,3,0.0,0.0
gradient_boosting,2,mass_0.00g_trial_07,4,0.0,0.0
gradient_boosting,2,mass_0.00g_trial_07,5,0.0,0.0
gradient_boosting,2,mass_0.00g_trial_10,1,0.0,0.0
gradient_boosting,2,mass_0.00g_trial_10,2,0.0,0.0
gradient_boosting,2,mass_0.00g_trial_10,3,0.0,0.0
gradient_boosting,2,mass_0.00g_trial_10,4,0.0,0.0
gradient_boosting,2,mass_0.00g_trial_10,5,0.0,0.0
gradient_boosting,2,mass_0.25g_trial_02,1,0.25,0.5
gradient_boosting,2,mass_0.25g_trial_02,2,0.25,0.5
gradient_boosting,2,mass_0.25g_trial_02,3,0.25,0.5
gradient_boosting,2,mass_0.25g_trial_02,4,0.25,0.5
gradient_boosting,2,mass_0.25g_trial_02,5,0.25,0.5
gradient_boosting,2,mass_0.25g_trial_03,1,0.25,0.5
gradient_boosting,2,mass_0.25g_trial_03,2,0.25,0.5
gradient_boosting,2,mass_0.25g_trial_03,3,0.25,0.5
gradient_boosting,2,mass_0.25g_trial_03,4,0.25,0.25
gradient_boosting,2,mass_0.25g_trial_03,5,0.25,0.25
gradient_boosting,2,mass_0.50g_trial_03,1,0.5,0.5
gradient_boosting,2,mass_0.50g_trial_03,2,0.5,0.5
gradient_boosting,2,mass_0.50g_trial_03,3,0.5,0.5
gradient_boosting,2,mass_0.50g_trial_03,4,0.5,0.5
gradient_boosting,2,mass_0.50g_trial_03,5,0.5,0.5
gradient_boosting,2,mass_0.75g_trial_04,1,0.75,1.0
gradient_boosting,2,mass_0.75g_trial_04,2,0.75,1.0
gradient_boosting,2,mass_0.75g_trial_04,3,0.75,1.0
gradient_boosting,2,mass_0.75g_trial_04,4,0.75,1.0
gradient_boosting,2,mass_0.75g_trial_04,5,0.75,1.0
gradient_boosting,2,mass_0.75g_trial_09,1,0.75,1.0
gradient_boosting,2,mass_0.75g_trial_09,2,0.75,1.0
gradient_boosting,2,mass_0.75g_trial_09,3,0.75,1.0
gradient_boosting,2,mass_0.75g_trial_09,4,0.75,0.5
gradient_boosting,2,mass_0.75g_trial_09,5,0.75,1.0
gradient_boosting,2,mass_1.00g_trial_06,1,1.0,1.0
gradient_boosting,2,mass_1.00g_trial_06,2,1.0,1.0
gradient_boosting,2,mass_1.00g_trial_06,3,1.0,1.0
gradient_boosting,2,mass_1.00g_trial_06,4,1.0,1.0
gradient_boosting,2,mass_1.00g_trial_06,5,1.0,1.0
logistic_regression,3,mass_0.00g_trial_05,1,0.0,0.0
logistic_regression,3,mass_0.00g_trial_05,2,0.0,0.0
logistic_regression,3,mass_0.00g_trial_05,3,0.0,0.0
logistic_regression,3,mass_0.00g_trial_05,4,0.0,0.0
logistic_regression,3,mass_0.00g_trial_05,5,0.0,0.0
logistic_regression,3,mass_0.00g_trial_06,1,0.0,0.0
logistic_regression,3,mass_0.00g_trial_06,2,0.0,0.0
logistic_regression,3,mass_0.00g_trial_06,3,0.0,0.0
logistic_regression,3,mass_0.00g_trial_06,4,0.0,0.0
logistic_regression,3,mass_0.00g_trial_06,5,0.0,0.0
logistic_regression,3,mass_0.25g_trial_08,1,0.25,0.25
logistic_regression,3,mass_0.25g_trial_08,2,0.25,0.25
logistic_regression,3,mass_0.25g_trial_08,3,0.25,0.25
logistic_regression,3,mass_0.25g_trial_08,4,0.25,0.25
logistic_regression,3,mass_0.25g_trial_08,5,0.25,0.25
logistic_regression,3,mass_0.25g_trial_09,1,0.25,0.25
logistic_regression,3,mass_0.25g_trial_09,2,0.25,0.25
logistic_regression,3,mass_0.25g_trial_09,3,0.25,0.25
logistic_regression,3,mass_0.25g_trial_09,4,0.25,0.25
logistic_regression,3,mass_0.25g_trial_09,5,0.25,0.25
logistic_regression,3,mass_0.50g_trial_10,1,0.5,0.5
logistic_regression,3,mass_0.50g_trial_10,2,0.5,0.5
logistic_regression,3,mass_0.50g_trial_10,3,0.5,0.5
logistic_regression,3,mass_0.50g_trial_10,4,0.5,0.5
logistic_regression,3,mass_0.50g_trial_10,5,0.5,0.5
logistic_regression,3,mass_0.75g_trial_05,1,0.75,1.0
logistic_regression,3,mass_0.75g_trial_05,2,0.75,1.0
logistic_regression,3,mass_0.75g_trial_05,3,0.75,1.0
logistic_regression,3,mass_0.75g_trial_05,4,0.75,1.0
logistic_regression,3,mass_0.75g_trial_05,5,0.75,0.5
logistic_regression,3,mass_0.75g_trial_08,1,0.75,0.25
logistic_regression,3,mass_0.75g_trial_08,2,0.75,0.75
logistic_regression,3,mass_0.75g_trial_08,3,0.75,0.75
logistic_regression,3,mass_0.75g_trial_08,4,0.75,0.75
logistic_regression,3,mass_0.75g_trial_08,5,0.75,0.75
logistic_regression,3,mass_1.00g_trial_02,1,1.0,0.75
logistic_regression,3,mass_1.00g_trial_02,2,1.0,1.0
logistic_regression,3,mass_1.00g_trial_02,3,1.0,0.75
logistic_regression,3,mass_1.00g_trial_02,4,1.0,0.75
logistic_regression,3,mass_1.00g_trial_02,5,1.0,0.75
svm_rbf,3,mass_0.00g_trial_05,1,0.0,0.0
svm_rbf,3,mass_0.00g_trial_05,2,0.0,0.0
svm_rbf,3,mass_0.00g_trial_05,3,0.0,0.0
svm_rbf,3,mass_0.00g_trial_05,4,0.0,0.0
svm_rbf,3,mass_0.00g_trial_05,5,0.0,0.0
svm_rbf,3,mass_0.00g_trial_06,1,0.0,0.0
svm_rbf,3,mass_0.00g_trial_06,2,0.0,0.0
svm_rbf,3,mass_0.00g_trial_06,3,0.0,0.0
svm_rbf,3,mass_0.00g_trial_06,4,0.0,0.0
svm_rbf,3,mass_0.00g_trial_06,5,0.0,0.0
svm_rbf,3,mass_0.25g_trial_08,1,0.25,0.25
svm_rbf,3,mass_0.25g_trial_08,2,0.25,0.25
svm_rbf,3,mass_0.25g_trial_08,3,0.25,0.25
svm_rbf,3,mass_0.25g_trial_08,4,0.25,0.25
svm_rbf,3,mass_0.25g_trial_08,5,0.25,0.25
svm_rbf,3,mass_0.25g_trial_09,1,0.25,0.25
svm_rbf,3,mass_0.25g_trial_09,2,0.25,0.25
svm_rbf,3,mass_0.25g_trial_09,3,0.25,0.25
svm_rbf,3,mass_0.25g_trial_09,4,0.25,0.25
svm_rbf,3,mass_0.25g_trial_09,5,0.25,0.25
svm_rbf,3,mass_0.50g_trial_10,1,0.5,0.5
svm_rbf,3,mass_0.50g_trial_10,2,0.5,0.5
svm_rbf,3,mass_0.50g_trial_10,3,0.5,0.5
svm_rbf,3,mass_0.50g_trial_10,4,0.5,0.5
svm_rbf,3,mass_0.50g_trial_10,5,0.5,0.5
svm_rbf,3,mass_0.75g_trial_05,1,0.75,1.0
svm_rbf,3,mass_0.75g_trial_05,2,0.75,1.0
svm_rbf,3,mass_0.75g_trial_05,3,0.75,1.0
svm_rbf,3,mass_0.75g_trial_05,4,0.75,1.0
svm_rbf,3,mass_0.75g_trial_05,5,0.75,1.0
svm_rbf,3,mass_0.75g_trial_08,1,0.75,0.25
svm_rbf,3,mass_0.75g_trial_08,2,0.75,0.5
svm_rbf,3,mass_0.75g_trial_08,3,0.75,0.75
svm_rbf,3,mass_0.75g_trial_08,4,0.75,0.75
svm_rbf,3,mass_0.75g_trial_08,5,0.75,0.75
svm_rbf,3,mass_1.00g_trial_02,1,1.0,0.75
svm_rbf,3,mass_1.00g_trial_02,2,1.0,0.75
svm_rbf,3,mass_1.00g_trial_02,3,1.0,0.75
svm_rbf,3,mass_1.00g_trial_02,4,1.0,0.75
svm_rbf,3,mass_1.00g_trial_02,5,1.0,0.75
random_forest,3,mass_0.00g_trial_05,1,0.0,0.0
random_forest,3,mass_0.00g_trial_05,2,0.0,0.0
random_forest,3,mass_0.00g_trial_05,3,0.0,0.0
random_forest,3,mass_0.00g_trial_05,4,0.0,0.0
random_forest,3,mass_0.00g_trial_05,5,0.0,0.0
random_forest,3,mass_0.00g_trial_06,1,0.0,0.0
random_forest,3,mass_0.00g_trial_06,2,0.0,0.0
random_forest,3,mass_0.00g_trial_06,3,0.0,0.0
random_forest,3,mass_0.00g_trial_06,4,0.0,0.0
random_forest,3,mass_0.00g_trial_06,5,0.0,0.0
random_forest,3,mass_0.25g_trial_08,1,0.25,0.25
random_forest,3,mass_0.25g_trial_08,2,0.25,0.25
random_forest,3,mass_0.25g_trial_08,3,0.25,0.25
random_forest,3,mass_0.25g_trial_08,4,0.25,0.25
random_forest,3,mass_0.25g_trial_08,5,0.25,0.5
random_forest,3,mass_0.25g_trial_09,1,0.25,0.5
random_forest,3,mass_0.25g_trial_09,2,0.25,0.5
random_forest,3,mass_0.25g_trial_09,3,0.25,0.25
random_forest,3,mass_0.25g_trial_09,4,0.25,0.25
random_forest,3,mass_0.25g_trial_09,5,0.25,0.25
random_forest,3,mass_0.50g_trial_10,1,0.5,0.5
random_forest,3,mass_0.50g_trial_10,2,0.5,0.5
random_forest,3,mass_0.50g_trial_10,3,0.5,0.5
random_forest,3,mass_0.50g_trial_10,4,0.5,0.25
random_forest,3,mass_0.50g_trial_10,5,0.5,0.5
random_forest,3,mass_0.75g_trial_05,1,0.75,0.75
random_forest,3,mass_0.75g_trial_05,2,0.75,1.0
random_forest,3,mass_0.75g_trial_05,3,0.75,0.75
random_forest,3,mass_0.75g_trial_05,4,0.75,0.75
random_forest,3,mass_0.75g_trial_05,5,0.75,0.75
random_forest,3,mass_0.75g_trial_08,1,0.75,0.5
random_forest,3,mass_0.75g_trial_08,2,0.75,0.5
random_forest,3,mass_0.75g_trial_08,3,0.75,0.5
random_forest,3,mass_0.75g_trial_08,4,0.75,0.5
random_forest,3,mass_0.75g_trial_08,5,0.75,0.5
random_forest,3,mass_1.00g_trial_02,1,1.0,1.0
random_forest,3,mass_1.00g_trial_02,2,1.0,1.0
random_forest,3,mass_1.00g_trial_02,3,1.0,0.75
random_forest,3,mass_1.00g_trial_02,4,1.0,1.0
random_forest,3,mass_1.00g_trial_02,5,1.0,1.0
gradient_boosting,3,mass_0.00g_trial_05,1,0.0,0.0
gradient_boosting,3,mass_0.00g_trial_05,2,0.0,0.0
gradient_boosting,3,mass_0.00g_trial_05,3,0.0,0.0
gradient_boosting,3,mass_0.00g_trial_05,4,0.0,0.0
gradient_boosting,3,mass_0.00g_trial_05,5,0.0,0.0
gradient_boosting,3,mass_0.00g_trial_06,1,0.0,0.0
gradient_boosting,3,mass_0.00g_trial_06,2,0.0,0.0
gradient_boosting,3,mass_0.00g_trial_06,3,0.0,0.0
gradient_boosting,3,mass_0.00g_trial_06,4,0.0,0.0
gradient_boosting,3,mass_0.00g_trial_06,5,0.0,0.0
gradient_boosting,3,mass_0.25g_trial_08,1,0.25,0.25
gradient_boosting,3,mass_0.25g_trial_08,2,0.25,0.25
gradient_boosting,3,mass_0.25g_trial_08,3,0.25,0.25
gradient_boosting,3,mass_0.25g_trial_08,4,0.25,0.25
gradient_boosting,3,mass_0.25g_trial_08,5,0.25,0.25
gradient_boosting,3,mass_0.25g_trial_09,1,0.25,0.25
gradient_boosting,3,mass_0.25g_trial_09,2,0.25,0.25
gradient_boosting,3,mass_0.25g_trial_09,3,0.25,0.25
gradient_boosting,3,mass_0.25g_trial_09,4,0.25,0.25
gradient_boosting,3,mass_0.25g_trial_09,5,0.25,0.25
gradient_boosting,3,mass_0.50g_trial_10,1,0.5,0.5
gradient_boosting,3,mass_0.50g_trial_10,2,0.5,0.5
gradient_boosting,3,mass_0.50g_trial_10,3,0.5,0.5
gradient_boosting,3,mass_0.50g_trial_10,4,0.5,0.5
gradient_boosting,3,mass_0.50g_trial_10,5,0.5,0.5
gradient_boosting,3,mass_0.75g_trial_05,1,0.75,1.0
gradient_boosting,3,mass_0.75g_trial_05,2,0.75,1.0
gradient_boosting,3,mass_0.75g_trial_05,3,0.75,0.5
gradient_boosting,3,mass_0.75g_trial_05,4,0.75,1.0
gradient_boosting,3,mass_0.75g_trial_05,5,0.75,1.0
gradient_boosting,3,mass_0.75g_trial_08,1,0.75,0.5
gradient_boosting,3,mass_0.75g_trial_08,2,0.75,0.75
gradient_boosting,3,mass_0.75g_trial_08,3,0.75,0.75
gradient_boosting,3,mass_0.75g_trial_08,4,0.75,0.5
gradient_boosting,3,mass_0.75g_trial_08,5,0.75,0.5
gradient_boosting,3,mass_1.00g_trial_02,1,1.0,0.75
gradient_boosting,3,mass_1.00g_trial_02,2,1.0,1.0
gradient_boosting,3,mass_1.00g_trial_02,3,1.0,0.75
gradient_boosting,3,mass_1.00g_trial_02,4,1.0,1.0
gradient_boosting,3,mass_1.00g_trial_02,5,1.0,0.75
logistic_regression,4,mass_0.00g_trial_03,1,0.0,0.0
logistic_regression,4,mass_0.00g_trial_03,2,0.0,0.0
logistic_regression,4,mass_0.00g_trial_03,3,0.0,0.0
logistic_regression,4,mass_0.00g_trial_03,4,0.0,0.0
logistic_regression,4,mass_0.00g_trial_03,5,0.0,0.0
logistic_regression,4,mass_0.25g_trial_01,1,0.25,0.25
logistic_regression,4,mass_0.25g_trial_01,2,0.25,0.25
logistic_regression,4,mass_0.25g_trial_01,3,0.25,0.25
logistic_regression,4,mass_0.25g_trial_01,4,0.25,0.25
logistic_regression,4,mass_0.25g_trial_01,5,0.25,0.25
logistic_regression,4,mass_0.50g_trial_05,1,0.5,1.0
logistic_regression,4,mass_0.50g_trial_05,2,0.5,0.75
logistic_regression,4,mass_0.50g_trial_05,3,0.5,0.75
logistic_regression,4,mass_0.50g_trial_05,4,0.5,1.0
logistic_regression,4,mass_0.50g_trial_05,5,0.5,1.0
logistic_regression,4,mass_0.50g_trial_09,1,0.5,0.25
logistic_regression,4,mass_0.50g_trial_09,2,0.5,0.25
logistic_regression,4,mass_0.50g_trial_09,3,0.5,0.25
logistic_regression,4,mass_0.50g_trial_09,4,0.5,0.25
logistic_regression,4,mass_0.50g_trial_09,5,0.5,0.25
logistic_regression,4,mass_0.75g_trial_07,1,0.75,1.0
logistic_regression,4,mass_0.75g_trial_07,2,0.75,1.0
logistic_regression,4,mass_0.75g_trial_07,3,0.75,1.0
logistic_regression,4,mass_0.75g_trial_07,4,0.75,0.5
logistic_regression,4,mass_0.75g_trial_07,5,0.75,1.0
logistic_regression,4,mass_0.75g_trial_10,1,0.75,1.0
logistic_regression,4,mass_0.75g_trial_10,2,0.75,1.0
logistic_regression,4,mass_0.75g_trial_10,3,0.75,1.0
logistic_regression,4,mass_0.75g_trial_10,4,0.75,1.0
logistic_regression,4,mass_0.75g_trial_10,5,0.75,0.75
logistic_regression,4,mass_1.00g_trial_04,1,1.0,0.75
logistic_regression,4,mass_1.00g_trial_04,2,1.0,0.75
logistic_regression,4,mass_1.00g_trial_04,3,1.0,0.75
logistic_regression,4,mass_1.00g_trial_04,4,1.0,0.75
logistic_regression,4,mass_1.00g_trial_04,5,1.0,0.75
logistic_regression,4,mass_1.00g_trial_10,1,1.0,1.0
logistic_regression,4,mass_1.00g_trial_10,2,1.0,1.0
logistic_regression,4,mass_1.00g_trial_10,3,1.0,1.0
logistic_regression,4,mass_1.00g_trial_10,4,1.0,1.0
logistic_regression,4,mass_1.00g_trial_10,5,1.0,1.0
svm_rbf,4,mass_0.00g_trial_03,1,0.0,0.0
svm_rbf,4,mass_0.00g_trial_03,2,0.0,0.0
svm_rbf,4,mass_0.00g_trial_03,3,0.0,0.0
svm_rbf,4,mass_0.00g_trial_03,4,0.0,0.0
svm_rbf,4,mass_0.00g_trial_03,5,0.0,0.0
svm_rbf,4,mass_0.25g_trial_01,1,0.25,0.25
svm_rbf,4,mass_0.25g_trial_01,2,0.25,0.25
svm_rbf,4,mass_0.25g_trial_01,3,0.25,0.25
svm_rbf,4,mass_0.25g_trial_01,4,0.25,0.25
svm_rbf,4,mass_0.25g_trial_01,5,0.25,0.25
svm_rbf,4,mass_0.50g_trial_05,1,0.5,1.0
svm_rbf,4,mass_0.50g_trial_05,2,0.5,0.75
svm_rbf,4,mass_0.50g_trial_05,3,0.5,0.75
svm_rbf,4,mass_0.50g_trial_05,4,0.5,1.0
svm_rbf,4,mass_0.50g_trial_05,5,0.5,1.0
svm_rbf,4,mass_0.50g_trial_09,1,0.5,0.5
svm_rbf,4,mass_0.50g_trial_09,2,0.5,0.5
svm_rbf,4,mass_0.50g_trial_09,3,0.5,0.5
svm_rbf,4,mass_0.50g_trial_09,4,0.5,0.5
svm_rbf,4,mass_0.50g_trial_09,5,0.5,0.5
svm_rbf,4,mass_0.75g_trial_07,1,0.75,1.0
svm_rbf,4,mass_0.75g_trial_07,2,0.75,1.0
svm_rbf,4,mass_0.75g_trial_07,3,0.75,1.0
svm_rbf,4,mass_0.75g_trial_07,4,0.75,1.0
svm_rbf,4,mass_0.75g_trial_07,5,0.75,1.0
svm_rbf,4,mass_0.75g_trial_10,1,0.75,1.0
svm_rbf,4,mass_0.75g_trial_10,2,0.75,1.0
svm_rbf,4,mass_0.75g_trial_10,3,0.75,1.0
svm_rbf,4,mass_0.75g_trial_10,4,0.75,1.0
svm_rbf,4,mass_0.75g_trial_10,5,0.75,1.0
svm_rbf,4,mass_1.00g_trial_04,1,1.0,1.0
svm_rbf,4,mass_1.00g_trial_04,2,1.0,0.5
svm_rbf,4,mass_1.00g_trial_04,3,1.0,0.75
svm_rbf,4,mass_1.00g_trial_04,4,1.0,1.0
svm_rbf,4,mass_1.00g_trial_04,5,1.0,1.0
svm_rbf,4,mass_1.00g_trial_10,1,1.0,1.0
svm_rbf,4,mass_1.00g_trial_10,2,1.0,1.0
svm_rbf,4,mass_1.00g_trial_10,3,1.0,1.0
svm_rbf,4,mass_1.00g_trial_10,4,1.0,1.0
svm_rbf,4,mass_1.00g_trial_10,5,1.0,1.0
random_forest,4,mass_0.00g_trial_03,1,0.0,0.0
random_forest,4,mass_0.00g_trial_03,2,0.0,0.0
random_forest,4,mass_0.00g_trial_03,3,0.0,0.0
random_forest,4,mass_0.00g_trial_03,4,0.0,0.0
random_forest,4,mass_0.00g_trial_03,5,0.0,0.0
random_forest,4,mass_0.25g_trial_01,1,0.25,0.5
random_forest,4,mass_0.25g_trial_01,2,0.25,0.25
random_forest,4,mass_0.25g_trial_01,3,0.25,0.25
random_forest,4,mass_0.25g_trial_01,4,0.25,0.25
random_forest,4,mass_0.25g_trial_01,5,0.25,0.25
random_forest,4,mass_0.50g_trial_05,1,0.5,1.0
random_forest,4,mass_0.50g_trial_05,2,0.5,0.75
random_forest,4,mass_0.50g_trial_05,3,0.5,0.75
random_forest,4,mass_0.50g_trial_05,4,0.5,1.0
random_forest,4,mass_0.50g_trial_05,5,0.5,0.75
random_forest,4,mass_0.50g_trial_09,1,0.5,0.5
random_forest,4,mass_0.50g_trial_09,2,0.5,0.5
random_forest,4,mass_0.50g_trial_09,3,0.5,0.5
random_forest,4,mass_0.50g_trial_09,4,0.5,0.5
random_forest,4,mass_0.50g_trial_09,5,0.5,0.5
random_forest,4,mass_0.75g_trial_07,1,0.75,1.0
random_forest,4,mass_0.75g_trial_07,2,0.75,1.0
random_forest,4,mass_0.75g_trial_07,3,0.75,1.0
random_forest,4,mass_0.75g_trial_07,4,0.75,1.0
random_forest,4,mass_0.75g_trial_07,5,0.75,1.0
random_forest,4,mass_0.75g_trial_10,1,0.75,1.0
random_forest,4,mass_0.75g_trial_10,2,0.75,1.0
random_forest,4,mass_0.75g_trial_10,3,0.75,1.0
random_forest,4,mass_0.75g_trial_10,4,0.75,1.0
random_forest,4,mass_0.75g_trial_10,5,0.75,1.0
random_forest,4,mass_1.00g_trial_04,1,1.0,1.0
random_forest,4,mass_1.00g_trial_04,2,1.0,1.0
random_forest,4,mass_1.00g_trial_04,3,1.0,1.0
random_forest,4,mass_1.00g_trial_04,4,1.0,1.0
random_forest,4,mass_1.00g_trial_04,5,1.0,1.0
random_forest,4,mass_1.00g_trial_10,1,1.0,1.0
random_forest,4,mass_1.00g_trial_10,2,1.0,1.0
random_forest,4,mass_1.00g_trial_10,3,1.0,1.0
random_forest,4,mass_1.00g_trial_10,4,1.0,1.0
random_forest,4,mass_1.00g_trial_10,5,1.0,1.0
gradient_boosting,4,mass_0.00g_trial_03,1,0.0,0.0
gradient_boosting,4,mass_0.00g_trial_03,2,0.0,0.0
gradient_boosting,4,mass_0.00g_trial_03,3,0.0,0.0
gradient_boosting,4,mass_0.00g_trial_03,4,0.0,0.0
gradient_boosting,4,mass_0.00g_trial_03,5,0.0,0.0
gradient_boosting,4,mass_0.25g_trial_01,1,0.25,0.25
gradient_boosting,4,mass_0.25g_trial_01,2,0.25,0.25
gradient_boosting,4,mass_0.25g_trial_01,3,0.25,0.25
gradient_boosting,4,mass_0.25g_trial_01,4,0.25,0.25
gradient_boosting,4,mass_0.25g_trial_01,5,0.25,0.25
gradient_boosting,4,mass_0.50g_trial_05,1,0.5,1.0
gradient_boosting,4,mass_0.50g_trial_05,2,0.5,0.75
gradient_boosting,4,mass_0.50g_trial_05,3,0.5,0.75
gradient_boosting,4,mass_0.50g_trial_05,4,0.5,1.0
gradient_boosting,4,mass_0.50g_trial_05,5,0.5,0.75
gradient_boosting,4,mass_0.50g_trial_09,1,0.5,0.75
gradient_boosting,4,mass_0.50g_trial_09,2,0.5,0.75
gradient_boosting,4,mass_0.50g_trial_09,3,0.5,0.75
gradient_boosting,4,mass_0.50g_trial_09,4,0.5,0.25
gradient_boosting,4,mass_0.50g_trial_09,5,0.5,0.75
gradient_boosting,4,mass_0.75g_trial_07,1,0.75,1.0
gradient_boosting,4,mass_0.75g_trial_07,2,0.75,1.0
gradient_boosting,4,mass_0.75g_trial_07,3,0.75,1.0
gradient_boosting,4,mass_0.75g_trial_07,4,0.75,0.5
gradient_boosting,4,mass_0.75g_trial_07,5,0.75,0.5
gradient_boosting,4,mass_0.75g_trial_10,1,0.75,1.0
gradient_boosting,4,mass_0.75g_trial_10,2,0.75,1.0
gradient_boosting,4,mass_0.75g_trial_10,3,0.75,1.0
gradient_boosting,4,mass_0.75g_trial_10,4,0.75,1.0
gradient_boosting,4,mass_0.75g_trial_10,5,0.75,1.0
gradient_boosting,4,mass_1.00g_trial_04,1,1.0,0.75
gradient_boosting,4,mass_1.00g_trial_04,2,1.0,0.75
gradient_boosting,4,mass_1.00g_trial_04,3,1.0,0.75
gradient_boosting,4,mass_1.00g_trial_04,4,1.0,0.75
gradient_boosting,4,mass_1.00g_trial_04,5,1.0,0.75
gradient_boosting,4,mass_1.00g_trial_10,1,1.0,1.0
gradient_boosting,4,mass_1.00g_trial_10,2,1.0,1.0
gradient_boosting,4,mass_1.00g_trial_10,3,1.0,1.0
gradient_boosting,4,mass_1.00g_trial_10,4,1.0,1.0
gradient_boosting,4,mass_1.00g_trial_10,5,1.0,1.0
logistic_regression,5,mass_0.00g_trial_09,1,0.0,0.0
logistic_regression,5,mass_0.00g_trial_09,2,0.0,0.0
logistic_regression,5,mass_0.00g_trial_09,3,0.0,0.0
logistic_regression,5,mass_0.00g_trial_09,4,0.0,0.0
logistic_regression,5,mass_0.00g_trial_09,5,0.0,0.0
logistic_regression,5,mass_0.25g_trial_10,1,0.25,0.25
logistic_regression,5,mass_0.25g_trial_10,2,0.25,0.25
logistic_regression,5,mass_0.25g_trial_10,3,0.25,0.25
logistic_regression,5,mass_0.25g_trial_10,4,0.25,0.25
logistic_regression,5,mass_0.25g_trial_10,5,0.25,0.25
logistic_regression,5,mass_0.50g_trial_04,1,0.5,0.5
logistic_regression,5,mass_0.50g_trial_04,2,0.5,0.5
logistic_regression,5,mass_0.50g_trial_04,3,0.5,0.5
logistic_regression,5,mass_0.50g_trial_04,4,0.5,0.5
logistic_regression,5,mass_0.50g_trial_04,5,0.5,0.5
logistic_regression,5,mass_0.50g_trial_08,1,0.5,0.75
logistic_regression,5,mass_0.50g_trial_08,2,0.5,0.75
logistic_regression,5,mass_0.50g_trial_08,3,0.5,0.75
logistic_regression,5,mass_0.50g_trial_08,4,0.5,1.0
logistic_regression,5,mass_0.50g_trial_08,5,0.5,0.75
logistic_regression,5,mass_0.75g_trial_02,1,0.75,0.75
logistic_regression,5,mass_0.75g_trial_02,2,0.75,0.75
logistic_regression,5,mass_0.75g_trial_02,3,0.75,0.75
logistic_regression,5,mass_0.75g_trial_02,4,0.75,0.75
logistic_regression,5,mass_0.75g_trial_02,5,0.75,0.75
logistic_regression,5,mass_1.00g_trial_01,1,1.0,0.75
logistic_regression,5,mass_1.00g_trial_01,2,1.0,0.75
logistic_regression,5,mass_1.00g_trial_01,3,1.0,0.75
logistic_regression,5,mass_1.00g_trial_01,4,1.0,0.75
logistic_regression,5,mass_1.00g_trial_01,5,1.0,1.0
logistic_regression,5,mass_1.00g_trial_03,1,1.0,0.75
logistic_regression,5,mass_1.00g_trial_03,2,1.0,0.75
logistic_regression,5,mass_1.00g_trial_03,3,1.0,0.75
logistic_regression,5,mass_1.00g_trial_03,4,1.0,0.75
logistic_regression,5,mass_1.00g_trial_03,5,1.0,0.75
svm_rbf,5,mass_0.00g_trial_09,1,0.0,0.0
svm_rbf,5,mass_0.00g_trial_09,2,0.0,0.0
svm_rbf,5,mass_0.00g_trial_09,3,0.0,0.0
svm_rbf,5,mass_0.00g_trial_09,4,0.0,0.0
svm_rbf,5,mass_0.00g_trial_09,5,0.0,0.0
svm_rbf,5,mass_0.25g_trial_10,1,0.25,0.25
svm_rbf,5,mass_0.25g_trial_10,2,0.25,0.25
svm_rbf,5,mass_0.25g_trial_10,3,0.25,0.25
svm_rbf,5,mass_0.25g_trial_10,4,0.25,0.25
svm_rbf,5,mass_0.25g_trial_10,5,0.25,0.25
svm_rbf,5,mass_0.50g_trial_04,1,0.5,0.25
svm_rbf,5,mass_0.50g_trial_04,2,0.5,0.25
svm_rbf,5,mass_0.50g_trial_04,3,0.5,0.25
svm_rbf,5,mass_0.50g_trial_04,4,0.5,0.25
svm_rbf,5,mass_0.50g_trial_04,5,0.5,0.25
svm_rbf,5,mass_0.50g_trial_08,1,0.5,0.75
svm_rbf,5,mass_0.50g_trial_08,2,0.5,0.75
svm_rbf,5,mass_0.50g_trial_08,3,0.5,0.75
svm_rbf,5,mass_0.50g_trial_08,4,0.5,1.0
svm_rbf,5,mass_0.50g_trial_08,5,0.5,0.75
svm_rbf,5,mass_0.75g_trial_02,1,0.75,0.75
svm_rbf,5,mass_0.75g_trial_02,2,0.75,0.75
svm_rbf,5,mass_0.75g_trial_02,3,0.75,0.75
svm_rbf,5,mass_0.75g_trial_02,4,0.75,0.75
svm_rbf,5,mass_0.75g_trial_02,5,0.75,0.75
svm_rbf,5,mass_1.00g_trial_01,1,1.0,0.75
svm_rbf,5,mass_1.00g_trial_01,2,1.0,0.75
svm_rbf,5,mass_1.00g_trial_01,3,1.0,0.75
svm_rbf,5,mass_1.00g_trial_01,4,1.0,0.75
svm_rbf,5,mass_1.00g_trial_01,5,1.0,0.75
svm_rbf,5,mass_1.00g_trial_03,1,1.0,0.75
svm_rbf,5,mass_1.00g_trial_03,2,1.0,0.75
svm_rbf,5,mass_1.00g_trial_03,3,1.0,0.75
svm_rbf,5,mass_1.00g_trial_03,4,1.0,0.75
svm_rbf,5,mass_1.00g_trial_03,5,1.0,0.75
random_forest,5,mass_0.00g_trial_09,1,0.0,0.0
random_forest,5,mass_0.00g_trial_09,2,0.0,0.0
random_forest,5,mass_0.00g_trial_09,3,0.0,0.0
random_forest,5,mass_0.00g_trial_09,4,0.0,0.0
random_forest,5,mass_0.00g_trial_09,5,0.0,0.0
random_forest,5,mass_0.25g_trial_10,1,0.25,0.25
random_forest,5,mass_0.25g_trial_10,2,0.25,0.25
random_forest,5,mass_0.25g_trial_10,3,0.25,0.25
random_forest,5,mass_0.25g_trial_10,4,0.25,0.25
random_forest,5,mass_0.25g_trial_10,5,0.25,0.25
random_forest,5,mass_0.50g_trial_04,1,0.5,0.5
random_forest,5,mass_0.50g_trial_04,2,0.5,0.75
random_forest,5,mass_0.50g_trial_04,3,0.5,0.5
random_forest,5,mass_0.50g_trial_04,4,0.5,0.5
random_forest,5,mass_0.50g_trial_04,5,0.5,0.5
random_forest,5,mass_0.50g_trial_08,1,0.5,0.75
random_forest,5,mass_0.50g_trial_08,2,0.5,0.75
random_forest,5,mass_0.50g_trial_08,3,0.5,0.75
random_forest,5,mass_0.50g_trial_08,4,0.5,1.0
random_forest,5,mass_0.50g_trial_08,5,0.5,0.75
random_forest,5,mass_0.75g_trial_02,1,0.75,0.75
random_forest,5,mass_0.75g_trial_02,2,0.75,0.75
random_forest,5,mass_0.75g_trial_02,3,0.75,0.75
random_forest,5,mass_0.75g_trial_02,4,0.75,0.75
random_forest,5,mass_0.75g_trial_02,5,0.75,0.75
random_forest,5,mass_1.00g_trial_01,1,1.0,0.75
random_forest,5,mass_1.00g_trial_01,2,1.0,0.75
random_forest,5,mass_1.00g_trial_01,3,1.0,0.75
random_forest,5,mass_1.00g_trial_01,4,1.0,0.75
random_forest,5,mass_1.00g_trial_01,5,1.0,0.75
random_forest,5,mass_1.00g_trial_03,1,1.0,0.75
random_forest,5,mass_1.00g_trial_03,2,1.0,1.0
random_forest,5,mass_1.00g_trial_03,3,1.0,0.75
random_forest,5,mass_1.00g_trial_03,4,1.0,0.75
random_forest,5,mass_1.00g_trial_03,5,1.0,0.75
gradient_boosting,5,mass_0.00g_trial_09,1,0.0,0.0
gradient_boosting,5,mass_0.00g_trial_09,2,0.0,0.0
gradient_boosting,5,mass_0.00g_trial_09,3,0.0,0.0
gradient_boosting,5,mass_0.00g_trial_09,4,0.0,0.0
gradient_boosting,5,mass_0.00g_trial_09,5,0.0,0.0
gradient_boosting,5,mass_0.25g_trial_10,1,0.25,0.25
gradient_boosting,5,mass_0.25g_trial_10,2,0.25,0.25
gradient_boosting,5,mass_0.25g_trial_10,3,0.25,0.25
gradient_boosting,5,mass_0.25g_trial_10,4,0.25,0.25
gradient_boosting,5,mass_0.25g_trial_10,5,0.25,0.25
gradient_boosting,5,mass_0.50g_trial_04,1,0.5,0.25
gradient_boosting,5,mass_0.50g_trial_04,2,0.5,0.5
gradient_boosting,5,mass_0.50g_trial_04,3,0.5,0.75
gradient_boosting,5,mass_0.50g_trial_04,4,0.5,0.25
gradient_boosting,5,mass_0.50g_trial_04,5,0.5,0.75
gradient_boosting,5,mass_0.50g_trial_08,1,0.5,1.0
gradient_boosting,5,mass_0.50g_trial_08,2,0.5,1.0
gradient_boosting,5,mass_0.50g_trial_08,3,0.5,1.0
gradient_boosting,5,mass_0.50g_trial_08,4,0.5,0.75
gradient_boosting,5,mass_0.50g_trial_08,5,0.5,1.0
gradient_boosting,5,mass_0.75g_trial_02,1,0.75,0.75
gradient_boosting,5,mass_0.75g_trial_02,2,0.75,0.75
gradient_boosting,5,mass_0.75g_trial_02,3,0.75,0.75
gradient_boosting,5,mass_0.75g_trial_02,4,0.75,0.75
gradient_boosting,5,mass_0.75g_trial_02,5,0.75,0.75
gradient_boosting,5,mass_1.00g_trial_01,1,1.0,0.75
gradient_boosting,5,mass_1.00g_trial_01,2,1.0,0.75
gradient_boosting,5,mass_1.00g_trial_01,3,1.0,0.75
gradient_boosting,5,mass_1.00g_trial_01,4,1.0,0.75
gradient_boosting,5,mass_1.00g_trial_01,5,1.0,0.75
gradient_boosting,5,mass_1.00g_trial_03,1,1.0,1.0
gradient_boosting,5,mass_1.00g_trial_03,2,1.0,1.0
gradient_boosting,5,mass_1.00g_trial_03,3,1.0,0.75
gradient_boosting,5,mass_1.00g_trial_03,4,1.0,0.75
gradient_boosting,5,mass_1.00g_trial_03,5,1.0,1.0
