trial_id,mass_g,source_file,feature_scope,sample_count,duration_ms,median_sample_rate_hz,axis_correlation_xy,axis_correlation_xz,axis_correlation_yz,ax_mean,ax_std,ax_rms_centered,ax_mean_abs_centered,ax_median_abs_deviation,ax_peak_abs_centered,ax_peak_to_peak,ax_crest_factor,ax_skewness,ax_excess_kurtosis,ax_dominant_frequency_hz,ax_spectral_centroid_hz,ax_spectral_entropy,ax_relative_power_0_5_hz,ax_relative_power_5_15_hz,ax_relative_power_15_30_hz,ay_mean,ay_std,ay_rms_centered,ay_mean_abs_centered,ay_median_abs_deviation,ay_peak_abs_centered,ay_peak_to_peak,ay_crest_factor,ay_skewness,ay_excess_kurtosis,ay_dominant_frequency_hz,ay_spectral_centroid_hz,ay_spectral_entropy,ay_relative_power_0_5_hz,ay_relative_power_5_15_hz,ay_relative_power_15_30_hz,az_mean,az_std,az_rms_centered,az_mean_abs_centered,az_median_abs_deviation,az_peak_abs_centered,az_peak_to_peak,az_crest_factor,az_skewness,az_excess_kurtosis,az_dominant_frequency_hz,az_spectral_centroid_hz,az_spectral_entropy,az_relative_power_0_5_hz,az_relative_power_5_15_hz,az_relative_power_15_30_hz,magnitude_mean,magnitude_std,magnitude_rms_centered,magnitude_mean_abs_centered,magnitude_median_abs_deviation,magnitude_peak_abs_centered,magnitude_peak_to_peak,magnitude_crest_factor,magnitude_skewness,magnitude_excess_kurtosis,magnitude_dominant_frequency_hz,magnitude_spectral_centroid_hz,magnitude_spectral_entropy,magnitude_relative_power_0_5_hz,magnitude_relative_power_5_15_hz,magnitude_relative_power_15_30_hz
mass_0.00g_trial_01,0.0,data/cleaned/0.00g/mass_0.00g_trial_01.csv,full_trial,707.0,10256.0,71.42857142857143,0.20551830188685272,0.8062808066163974,-0.22140409825538632,0.15828854314002827,0.4059316717351327,0.4059316717351327,0.3308283901738325,0.30000000000000004,0.9282885431400283,1.73,2.286809844553665,-0.10900127692625476,-0.856800083220612,26.678280709729357,19.23392692021502,0.8311652216230974,0.0782239536690763,0.2777952706423751,0.5928573503595954,0.06391796322489392,0.2682702917259488,0.2682702917259488,0.2373349151443736,0.24000000000000002,0.563917963224894,1.12,2.1020514779957957,0.13504830615578345,-1.2550135030098921,26.678280709729357,19.53796350025454,0.7972394046555807,0.04597507751753751,0.31949012998434356,0.6199723662149063,11.54087694483734,1.5192608082642904,1.5192608082642904,1.3152249179252133,1.209999999999999,3.259123055162661,5.91,2.145203139206961,0.34743472643882084,-0.9500830809724876,26.678280709729357,22.57938115413874,0.7274094440315318,0.06740049044967551,0.13440641480637022,0.7489125446501359,1.4073709398226149,0.7511390768766332,0.7511390768766332,0.6180305571321307,0.5571453301911659,1.9084242850952384,3.2725112325164187,2.5407069660532087,0.40904497304607873,-0.5484945486059711,15.67592406666579,15.499267230613352,0.8761499616142454,0.13570059114625335,0.3092031176060649,0.498200375093177
mass_0.00g_trial_02,0.0,data/cleaned/0.00g/mass_0.00g_trial_02.csv,full_trial,865.0,12503.0,71.42857142857143,0.2686559247838231,0.6819054430767066,0.821586910967081,0.0628092485549133,0.20505201236695023,0.20505201236695023,0.18230591065521734,0.18,0.47280924855491324,0.9099999999999999,2.305801552967931,0.059894966709375254,-1.1892662939509173,24.60560910468431,23.71254642556851,0.738282786600077,0.03669573878603764,0.08165381309539999,0.8512125444537795,0.03101734104046243,0.16620102299958664,0.16620102299958664,0.1476778776437569,0.15,0.47898265895953757,0.8300000000000001,2.881947717979623,0.13954693467957122,-1.262447183778644,25.08493915217816,23.502515474549995,0.7607527771424648,0.030530677278031736,0.10297217541607077,0.839954381639965,11.469202312138728,1.0257493804237665,1.0257493804237665,0.8858335393765244,0.8199999999999985,2.1607976878612725,4.010000000000002,2.1065551967173355,0.13903247254349635,-0.9997753043205444,24.60560910468431,24.637681670344836,0.6973367416990786,0.01745293703212462,0.04773655036592472,0.9259867298704288,0.9422768147944901,0.4836789261093936,0.4836789261093936,0.40775505543927754,0.3497395970971239,1.244409217982216,2.050440028905825,2.5728001589648914,0.5514799031588278,-0.7124699305056521,18.933536876007082,17.63723606191011,0.8480570398376093,0.049385453513478915,0.21608281166008877,0.6772764816732278
mass_0.00g_trial_03,0.0,data/cleaned/0.00g/mass_0.00g_trial_03.csv,full_trial,860.0,12410.0,71.42857142857143,0.4201150546399473,0.7924871620147633,0.8304884762835437,0.05267441860465117,0.20670405998760558,0.20670405998760558,0.18381882098431582,0.19,0.4173255813953488,0.83,2.0189520293910657,0.019538141053457445,-1.2669760235303307,21.8923223956673,20.034922987410724,0.5991814462343537,0.056579864292361885,0.06298706698158232,0.8723265635118859,0.03686046511627907,0.15377771353866274,0.15377771353866274,0.13193699296917252,0.13,0.36686046511627907,0.73,2.3856543102004384,0.03339937434284609,-1.047756464887206,21.8923223956673,19.235447543387476,0.6383615059023533,0.09112890120435944,0.07149333714002658,0.8287029362455903,11.51006976744186,1.0397579077652697,1.0397579077652697,0.9158136289886426,0.7899999999999991,2.04006976744186,3.9499999999999993,1.9620622764260003,-0.025167687275817616,-1.1049560806301204,21.8923223956673,20.742300440134176,0.5584408413185101,0.03496440242395846,0.04372549820929688,0.9130203952626033,0.9578470937358147,0.4795827409100574,0.4795827409100574,0.40549963377498927,0.3089105970636752,1.1238816802595535,1.9413429597107599,2.3434573106756775,0.45714289978021766,-0.8662818707423021,25.675186927271575,19.879392505801622,0.8004086235826832,0.09163091250127943,0.19344448927009603,0.6974474349253084
mass_0.00g_trial_04,0.0,data/cleaned/0.00g/mass_0.00g_trial_04.csv,full_trial,934.0,13500.0,71.42857142857143,0.42766343985914274,0.7789494820735806,0.8403853078584285,0.05274089935760172,0.205604512406959,0.205604512406959,0.18263002719073404,0.18,0.43274089935760174,0.85,2.1047247178168202,-0.062980848091065,-1.2299118342249162,20.348560551983912,19.6034230386078,0.5359458381051777,0.011033395681166501,0.07226339367940929,0.9046541262941696,0.03822269807280514,0.15115702826391147,0.15115702826391147,0.1293852051226793,0.13,0.32822269807280513,0.61,2.1714021626552964,-0.024603663964086097,-1.0622133553282997,20.348560551983912,19.38711560139298,0.5479261122194844,0.01818963426811649,0.08738403002584202,0.8764698742553003,11.507334047109206,1.0570327655411247,1.0570327655411247,0.9341648593005608,0.8100000000000005,2.1373340471092064,4.0600000000000005,2.0220130508584995,-0.11908422287937714,-1.0951626125889384,20.348560551983912,20.043651801907604,0.49398579808058873,0.012298584558619877,0.03615103844376641,0.9313549018004499,0.9723480901686358,0.486805014033961,0.486805014033961,0.4085952485279126,0.3025484505608351,1.1882698832431942,2.054298360890461,2.4409565410932617,0.4918187223081104,-0.7404977145397291,28.192005710203166,23.279106631567522,0.747173432077601,0.05321098818664203,0.1736527982687949,0.7356415794277832
mass_0.00g_trial_05,0.0,data/cleaned/0.00g/mass_0.00g_trial_05.csv,full_trial,706.0,10203.0,71.42857142857143,0.44358420147949534,0.76514652173558,0.8540735692929418,0.052889518413597736,0.20239047813779323,0.20239047813779323,0.17975258608928732,0.18,0.4128895184135977,0.78,2.040063950698761,-0.10533657902524303,-1.265420410198214,19.378569709131806,19.18141066322079,0.5472944586809206,0.011489132034171779,0.0554180291108447,0.9229617874536158,0.04109065155807365,0.14993322497787703,0.14993322497787703,0.12932191896251474,0.13,0.3210906515580737,0.6100000000000001,2.141557694136515,-0.006066917835806579,-1.1280665826605274,19.378569709131806,18.983116380115572,0.5652636663613457,0.012530858686174278,0.0740464472768876,0.9024578146097602,11.512861189801699,1.0416185245584875,1.0416185245584875,0.9217683313404329,0.8899999999999997,2.172861189801699,4.040000000000001,2.086043151664102,-0.10529229162524688,-1.065271797417389,19.378569709131806,19.325512240057808,0.5283835686958824,0.005134608753119354,0.048780371572264634,0.9378676191710347,0.95967632149897,0.4768987169732342,0.4768987169732342,0.3933283579472541,0.2997774296152953,1.237968088933782,2.0491318895106856,2.5958721314892164,0.5843074956168244,-0.5677988751957579,29.75295551301045,23.76918811508892,0.7534593883680094,0.06308865521754292,0.17902017137044737,0.42693024996150924
mass_0.00g_trial_06,0.0,data/cleaned/0.00g/mass_0.00g_trial_06.csv,full_trial,731.0,10564.0,71.42857142857143,0.4131685797539027,0.737309857755777,0.846333163850456,0.058112175102599174,0.20276675460684254,0.20276675460684254,0.18310819839022682,0.18,0.3981121751025992,0.74,1.963399650374266,-0.15518909919144688,-1.3156186822694438,18.906323569551066,18.403577103467395,0.5299196743166503,0.016677594771444242,0.07148904623274051,0.8962547405804943,0.040068399452804375,0.1459367429443795,0.1459367429443795,0.12348659426866856,0.12000000000000001,0.34006839945280437,0.6499999999999999,2.330245232226498,-0.040395685137416384,-0.9891475706637878,18.906323569551066,18.505208815755278,0.5234652974212153,0.012900732431736619,0.06091414988704197,0.9117680951783196,11.508344733242133,1.010965797074905,1.010965797074905,0.8806582441458115,0.8000000000000007,2.168344733242133,4.040000000000001,2.144825017340794,-0.14420248849274306,-0.9695489659594907,18.906323569551066,18.607947439957922,0.5054885568147539,0.007367254956851365,0.053930915677480346,0.9216407209336744,0.9219292262044683,0.4842625676637972,0.4842625676637972,0.39740291083914886,0.2811135798297706,1.2794453945536761,2.0500819170213878,2.642048921365197,0.6016257329940953,-0.6119419794197909,31.00637065406375,24.342746221718464,0.7697487899114038,0.07010069072718206,0.17824608499921438,0.15223086636149494
mass_0.00g_trial_07,0.0,data/cleaned/0.00g/mass_0.00g_trial_07.csv,full_trial,717.0,10393.0,71.42857142857143,0.4405607729946382,0.7513420365662744,0.8582698840770664,0.04789400278940027,0.20164843657316478,0.20164843657316478,0.18223665552073667,0.18,0.3778940027894003,0.75,1.8740239657265467,-0.0670686814637708,-1.3491724493891508,18.832544864101884,18.22523966466505,0.5492885965530248,0.027836222847804473,0.06748545391658908,0.8904278872389048,0.03871687587168758,0.14842839881820102,0.14842839881820102,0.12791158729325078,0.13,0.30128312412831243,0.6000000000000001,2.0298212911218685,-0.0270539747651152,-1.1591597364968957,18.832544864101884,18.67676146340176,0.517168931094835,0.014500243808389995,0.039707476683600126,0.9326293116447902,11.518856345885634,1.0272712783019027,1.0272712783019027,0.9037290819293937,0.8399999999999999,2.068856345885635,3.91,2.0139337968306585,-0.14731948765149142,-1.0811929893011045,18.832544864101884,18.689063268575303,0.4943783517477316,0.009820234591445556,0.037381810582167795,0.9393068910917944,0.9445221649453093,0.47524440101824245,0.47524440101824245,0.3896333645503886,0.2973236635122678,1.1482564456267712,1.9822795630342038,2.4161388186090273,0.47216742086568547,-0.6748222578524898,30.93918084816738,24.304665520408495,0.7718297859206232,0.08780357673004274,0.16070588001334407,0.12435120970488724
mass_0.00g_trial_08,0.0,data/cleaned/0.00g/mass_0.00g_trial_08.csv,full_trial,725.0,10508.0,71.42857142857143,0.3930779669720976,0.7092677544436785,0.7961136471569784,0.06255172413793103,0.21988454434510613,0.21988454434510613,0.1875413079667063,0.18,1.457448275862069,2.27,6.628243382011523,0.2782713493697503,1.9039577633301272,17.866453145723366,17.56240830914168,0.6682488431231891,0.060099535149787935,0.07353512720636726,0.8134196715756326,0.04286896551724138,0.16273537881978678,0.16273537881978678,0.1343082996432818,0.13,1.0028689655172414,1.76,6.162574928638098,-0.08445502936475938,1.9104122312430478,17.581350169993737,17.673262470895885,0.6556412161779318,0.03581215318511064,0.07878916010697906,0.8605666255659055,11.515889655172414,1.047297442301663,1.047297442301663,0.9205993626634958,0.8399999999999999,3.114110344827587,5.840000000000002,2.9734726917537917,-0.16982479850028656,-0.9746660410326764,18.056521796209783,17.743008215591512,0.5447469684013088,0.027194553670694687,0.02303653808486946,0.9298325710913059,0.964461053645724,0.4914049501314163,0.4914049501314163,0.39847206555745485,0.30240593212188294,2.499039634459328,3.4157883754381544,5.085499512756252,0.6872939300003865,0.3142547340164481,33.262013835123284,24.123820173804575,0.8082289446850789,0.11208787120743985,0.1210367654411689,0.21712593862531307
mass_0.00g_trial_09,0.0,data/cleaned/0.00g/mass_0.00g_trial_09.csv,full_trial,695.0,10072.0,71.42857142857143,0.681446549776728,0.8794226812254796,0.8540568867001175,0.11038848920863309,0.23197864919093594,0.23197864919093594,0.19853949588530614,0.2,0.5003884892086331,0.92,2.1570454477333194,-0.20418816186891747,-1.0462103434429,18.043896892034862,18.329826440174937,0.6576454873663975,0.026349024444878563,0.0542759382983635,0.8653574333401395,0.06310791366906475,0.15679472400862915,0.15679472400862915,0.13380148025464522,0.13,0.35310791366906474,0.6599999999999999,2.2520395115439698,-0.21847118978881733,-1.0826248099657652,18.043896892034862,17.908786340539308,0.6457566496749391,0.031050486120541107,0.06263291185847968,0.8678618043114483,11.50148201438849,1.0594790178407798,1.0594790178407798,0.9585222296982557,0.8800000000000008,2.07148201438849,3.6899999999999995,1.955189276527792,-0.3341239274549756,-1.234804741399366,18.043896892034862,18.38545896377837,0.5910645975479676,0.0097657904570152,0.021684728105432417,0.939044176089969,0.9976345351434412,0.4534531979062301,0.4534531979062301,0.36858691100066227,0.2907803238954936,1.11746365447841,2.0417688893797084,2.464341765893756,0.4271516350571003,-0.28309021936123413,32.91524048437129,24.760263052005556,0.7987335466644189,0.08556025566398232,0.14856017776927954,0.17353771120638758
mass_0.00g_trial_10,0.0,data/cleaned/0.00g/mass_0.00g_trial_10.csv,full_trial,698.0,10116.0,71.42857142857143,0.6741607545534225,0.8786558763153313,0.8386816433690357,0.10623209169054441,0.22115155249442964,0.22115155249442964,0.19057327115540926,0.19,0.4762320916905444,0.89,2.1534196179904264,-0.19061283219261674,-1.0734648397516358,17.965525406710004,17.59201178292755,0.5619864740813508,0.0408744359322826,0.05751800196714967,0.8560771504732158,0.0620916905444126,0.15349297946390425,0.15349297946390425,0.1323242830518633,0.13,0.3120916905444126,0.61,2.0332636165799673,-0.16334927994413953,-1.129558983772243,17.965525406710004,17.35645470608757,0.5375853514686908,0.029245250079295647,0.06597708779584276,0.8832056675817062,11.512163323782234,1.0013731499095262,1.0013731499095262,0.908529732925017,0.8849999999999998,1.9921633237822345,3.58,1.9894315360485009,-0.23715645071968058,-1.274885270589144,17.965525406710004,17.827229601524756,0.47607910529299396,0.014364244810110116,0.02280715022448769,0.9427941298726124,0.9479285768289047,0.42029478048895197,0.42029478048895197,0.33902484758917645,0.2596422538831728,1.0634571484708868,1.9239121919635511,2.530264942223905,0.37326868537205976,-0.39240966838256197,32.87098879359578,24.47560808390441,0.7590349664091958,0.09533716959310677,0.13868089774585193,0.19224840351392283
mass_0.25g_trial_01,0.25,data/cleaned/0.25g/mass_0.25g_trial_01.csv,full_trial,888.0,13400.0,66.66666666666667,-0.012450640925868265,-0.008078263186629077,-0.009134687405608827,0.07190752252252251,0.26538805980295954,0.26538805980295954,0.22353263056975894,0.20713,0.6167175225225225,1.2126000000000001,2.3238329673927742,0.04124997107138572,-0.8988437387482735,24.00279010356472,21.239782110034593,0.40333147570563427,0.05038693547748246,0.10154308447123347,0.8422153431953124,0.054149493243243245,0.22913770004532866,0.22913770004532866,0.19113932508522036,0.16866000000000003,0.5867894932432433,1.0493999999999999,2.5608596626708,-0.3297750475650599,-0.8776989489127316,24.22641858279048,21.252708365207035,0.3962611207936466,0.06760299357178373,0.07878236102366638,0.848427833305157,11.448380360360362,1.457362376078168,1.457362376078168,1.254735476016557,1.26201,3.6132796396396376,6.72649,2.4793282020653957,-0.0137105621668738,-1.0321833974476717,23.77916162433896,20.19395276041818,0.45479234109572186,0.10159024705901776,0.07117631350922564,0.8211391557431034,1.3298054358828573,0.6917062279412046,0.6917062279412046,0.5794930319437771,0.5527003706234135,2.321770850316969,3.6254005761671713,3.3565851463091363,0.36562328915849046,-0.5258661006990897,23.77916162433896,15.728845782259356,0.8665970766129186,0.15225020037754805,0.22183522968267927,0.6007745397294744
mass_0.25g_trial_02,0.25,data/cleaned/0.25g/mass_0.25g_trial_02.csv,full_trial,795.0,11975.0,66.66666666666667,0.169535667196628,0.034829941384068815,0.018074189733999404,0.07285620125786164,0.37865425644436007,0.37865425644436007,0.34002674650528064,0.32679,0.7074937987421384,1.39527,1.8684427461231996,0.2184319540778243,-1.345517293039461,17.68128044524419,17.33883950874893,0.21853091549490838,0.020553454318597314,0.05012756054763023,0.9149953703703374,0.011966327044025159,0.3878646764093529,0.3878646764093529,0.32674202602745145,0.24919000000000002,0.9634536729559748,1.6721300000000001,2.483994371117066,0.577136184333527,-0.7323189028311989,17.597878178993042,17.24720525259398,0.4518186052286532,0.04037888687353354,0.0620354481841952,0.8587015952665477,11.47838602515723,1.3206722488632576,1.3206722488632576,1.1299337194889438,0.8961300000000012,3.2254639748427696,5.93436,2.442289506438122,0.46598993423742163,-0.878936036856198,18.0148895102488,17.60278773219532,0.25942568645429187,0.03668418016088513,0.05352285928875085,0.8779731161187425,1.2902735565046568,0.610890654235209,0.610890654235209,0.49644043618150563,0.4333334902710274,1.9397405434439026,3.1588926621791575,3.1752663590382104,0.6205696803851486,-0.15210060451316032,30.275022649168122,18.90865368688417,0.7880292043886558,0.13360261672618623,0.25339019009474656,0.3111071943897147
mass_0.25g_trial_03,0.25,data/cleaned/0.25g/mass_0.25g_trial_03.csv,full_trial,809.0,12172.0,66.66666666666667,-0.061725286625149846,-0.04564219911973627,-0.0037166436304276822,0.04994839307787391,0.3227845798876393,0.3227845798876393,0.2721733354520605,0.26751,0.711628393077874,1.3582200000000002,2.2046542413072845,-0.19674513436851834,-1.0001264510468446,28.308704205440755,21.627448237801467,0.5968366230100356,0.08629593498054698,0.223359083126439,0.6557399587811766,0.024507367119901112,0.3135390312221795,0.3135390312221795,0.27686350515904967,0.25704,0.6879026328800989,1.31027,2.193993616037674,0.2806510254832634,-1.172359247770794,27.898433129999585,21.093299065558707,0.6086174779087591,0.1316621003437625,0.17985846845598777,0.6579841581675874,11.471665475896167,1.2249621025415816,1.2249621025415816,1.0348275193015535,0.9558599999999995,2.850065475896166,5.646789999999999,2.3266560410177424,-0.19377038232630822,-0.9124655055168471,27.98048734508782,21.364706265350318,0.622166906933765,0.10538472961084919,0.20179859583954654,0.653051614576224,1.1653125449145125,0.5874312167743025,0.5874312167743025,0.49488347044585435,0.44542681213225244,1.6968732386369905,2.7830061545573104,2.8886330691699476,0.4631945826018274,-0.5933834930764008,10.174722670941025,12.738797872914478,0.8580195413249612,0.12149440376175072,0.6088164370708807,0.24279852802786014
mass_0.25g_trial_04,0.25,data/cleaned/0.25g/mass_0.25g_trial_04.csv,full_trial,755.0,11387.0,66.66666666666667,0.002629289796684086,0.09534607808760781,-0.031289045233155115,0.10537623841059601,0.43006322552661225,0.43006322552661225,0.36751238728125957,0.32615000000000005,1.079036238410596,2.05915,2.509017684758599,-0.2962234263116808,-0.8703832143207859,18.593062729355267,17.448670182170204,0.49955431226428554,0.05363811416891967,0.09712035380849508,0.8357068009664298,0.005928980132450332,0.3246299811188294,0.3246299811188294,0.2769595027235648,0.22111999999999998,0.7477510198675497,1.46661,2.3033948290618254,0.4808060520181505,-0.9030567163555276,18.768468981518996,17.93662145480851,0.33905321811629197,0.04313676650535844,0.08795356491118077,0.8592337227003809,11.538062781456954,1.5380160704491828,1.5380160704491828,1.307887127231262,1.0131699999999988,4.248197218543046,6.78279,2.762127977832082,0.6238116025440652,-0.739745970014944,18.5053596032734,17.724930108075014,0.42915736350025185,0.06539149779969097,0.06797106403371675,0.8467399147194781,1.4547843906484417,0.734462260621438,0.734462260621438,0.5834463301795163,0.47657889329205205,2.8074105829941747,4.124245199133804,3.8224027748121303,0.7795803217466534,0.3322656184158599,18.5053596032734,17.98700122895724,0.8264698662088993,0.07169942321238273,0.3039921243484963,0.5598726560429851
mass_0.25g_trial_05,0.25,data/cleaned/0.25g/mass_0.25g_trial_05.csv,full_trial,801.0,12036.0,66.66666666666667,-0.08009150049446175,-0.09116365672015882,0.5594922324685033,0.022324019975031213,0.26296667352364156,0.26296667352364156,0.22967563348560865,0.21588000000000002,0.5951840199750312,1.15583,2.2633439135074362,-0.21024394156617596,-1.076175877957879,22.23873531284769,19.072414268670986,0.42626755122044113,0.10414527010038586,0.08563053194402033,0.8043838526135662,0.04386209737827715,0.2922809046705783,0.2922809046705783,0.2555318973941749,0.24644,0.6483420973782772,1.1917,2.2182157199390278,-0.24015336729651848,-1.1372569919873687,22.487676379782553,20.789379648653483,0.4433776009204873,0.055901285259296794,0.04244275444908486,0.8957648672344778,11.477961722846443,1.2693355358846037,1.2693355358846037,1.0745173855714065,1.0551100000000009,2.752918277153558,5.11369,2.168786896236259,0.17588696312645616,-1.0374568977973315,22.4046960241376,20.325054747184687,0.46458478042918655,0.07218694277975242,0.04543229339101568,0.8774452997450418,1.1798079534216301,0.6114290591079717,0.6114290591079717,0.5271691342531338,0.519117908598693,1.6508608363987591,2.72682104557274,2.7000038872984526,0.26275535210226986,-0.9738167474877217,22.4046960241376,16.34073070277617,0.8013090293860868,0.21566529864354525,0.11175035306817252,0.6568839498351938
mass_0.25g_trial_06,0.25,data/cleaned/0.25g/mass_0.25g_trial_06.csv,full_trial,720.0,10911.0,66.66666666666667,-0.5151504496410111,-0.13581635295459132,0.026457579025389928,0.0873285972222222,0.3433492711622024,0.3433492711622024,0.28812966157407405,0.280285,0.7971114027777778,1.4486400000000001,2.3215759278580577,0.28394682497056434,-0.9316040120780968,17.75552704212967,17.98863322640344,0.29388978822908635,0.031575635319655314,0.0461529061893907,0.8645755892156262,0.011198083333333334,0.34400002889929426,0.34400002889929426,0.30342353912037034,0.29422000000000004,0.7544280833333333,1.47755,2.1931047091690554,-0.13614529184763727,-1.1729795374204555,17.75552704212967,16.48197672094021,0.297628675056956,0.047345269681340924,0.098926037793313,0.845342530725726,11.464499486111112,1.4057816416926752,1.4057816416926752,1.1787368617283946,0.8209550000000005,3.7024294861111127,6.145630000000001,2.6337159173974465,-0.7237416777251754,-0.5671974431021498,17.847050377398382,17.646880809704037,0.3922038638641451,0.04451053568470098,0.07364751128288662,0.827458401725749,1.31336531215235,0.6982251233273145,0.6982251233273145,0.555936305883045,0.4281692729664671,2.436629685342176,3.527964263426231,3.4897479393618593,0.9553510545633878,0.4794863116343424,17.847050377398382,17.560578095580784,0.8354967149177465,0.1431103465212799,0.2732075953107639,0.373718003841257
mass_0.25g_trial_07,0.25,data/cleaned/0.25g/mass_0.25g_trial_07.csv,full_trial,750.0,11301.0,66.66666666666667,0.5207328648523093,-0.05952474426605469,0.03690715487383649,0.01074533333333333,0.5289571809453851,0.5289571809453851,0.45445509866666667,0.433415,1.0705446666666667,2.1398,2.023877745176505,-0.14995669961652744,-1.1175365660462193,23.59472613041779,21.753535656665765,0.5281676561283686,0.04332738861668799,0.04029686110390753,0.9062586818018008,0.08428289333333333,0.25855972033664093,0.25855972033664093,0.22428660433777778,0.20376499999999997,0.5953228933333334,1.09082,2.3024579874940763,-0.30298275063066216,-1.0709064383094238,23.59472613041779,21.523595568562534,0.38809177169723635,0.04551990666836629,0.07564955234010208,0.8730496966396514,11.518569613333334,1.6996763666758006,1.6996763666758006,1.4536317724444443,1.3672050000000002,4.172089613333334,8.1704,2.4546376563986936,-0.11860467499066704,-0.9229339282760582,23.241247087265464,19.914995381832664,0.5181090535721857,0.09035975948137107,0.09794826075495922,0.8057725151951385,1.6094197747310695,0.8033159829077813,0.8033159829077813,0.6608375428084117,0.5783720273544426,2.624756682009348,4.086954969194956,3.267402538797319,0.5336939061070578,-0.35878643610601335,20.059935698894524,16.976645129919717,0.8559153919658068,0.13934326265445854,0.1527107830587915,0.6693026790409297
mass_0.25g_trial_08,0.25,data/cleaned/0.25g/mass_0.25g_trial_08.csv,full_trial,692.0,10425.0,66.66666666666667,-0.007338411172404955,-0.02516582711042068,-0.03529928954991474,0.10131998554913293,0.28474925766573084,0.28474925766573084,0.25255007304788,0.24204,0.6555599855491329,1.1791299999999998,2.302235977446162,-0.17077306650533622,-1.2464743765943833,25.861853869331934,22.707543550534968,0.5054081416497539,0.06288226437624952,0.09241550239590562,0.8315152089684889,0.024435549132947983,0.24919668591658334,0.24919668591658334,0.2185817827191019,0.211835,0.5297155491329479,1.0438999999999998,2.12569259171555,-0.15434032926957553,-1.192398052749304,25.38293064952949,20.991540029161744,0.5105352168225098,0.09375722189207908,0.1096473844086681,0.790529600376966,11.475735765895955,1.3381387188739284,1.3381387188739284,1.1612833756557188,1.1020950000000003,3.0632242341040445,6.000599999999999,2.2891679247438645,0.1638874831877545,-1.0715613266040527,25.47871529348998,21.36317525377027,0.4841199894069617,0.0828736418942659,0.11467107103941312,0.7939519419454273,1.2505051828358371,0.6083034988089915,0.6083034988089915,0.5051566977746067,0.46712425253632195,1.8294576904949613,2.9661687526445037,3.007475206170752,0.4008978715384582,-0.5206354887247677,25.47871529348998,14.591393930425646,0.8450009272217835,0.14116677378884515,0.36622320722900065,0.4723030926549056
mass_0.25g_trial_09,0.25,data/cleaned/0.25g/mass_0.25g_trial_09.csv,full_trial,774.0,11698.0,66.66666666666667,0.022744010936943605,-0.01183062592707171,-0.032923330649178795,0.12794122739018088,0.34498358074573987,0.34498358074573987,0.2973088610460109,0.305345,0.7700612273901809,1.46334,2.232167762087588,-0.12426423333470897,-1.1294427098030044,25.27077885601662,22.392653893341446,0.4446922551671811,0.06978826967195992,0.07639607881508349,0.8428496057740329,0.07245457364341086,0.30811206966356164,0.30811206966356164,0.2676970700879354,0.22035500000000002,0.7057954263565891,1.21567,2.29071008846642,0.5140201683288439,-0.9785344668466509,25.526901614692463,22.15238573442394,0.5669975646721487,0.049723559879973296,0.11328788732262571,0.8257447814354854,11.476985335917313,1.3302157910018104,1.3302157910018104,1.1135266792861005,0.9709649999999996,3.442565335917312,6.18853,2.58797509336786,-0.407577543311652,-0.7808720075712423,25.69765012047636,19.945117572520722,0.6519429653447651,0.10147393413617986,0.200979312033656,0.6852139715429848,1.2447106816342612,0.6588748652913239,0.6588748652913239,0.5498044260158684,0.48450274515205055,2.233919263482462,3.315825212506768,3.39050612060414,0.6135611930259833,-0.33332881678738646,25.69765012047636,15.985271104945761,0.8650583856968125,0.06601036744487529,0.48038805461726797,0.4174201884192499
mass_0.25g_trial_10,0.25,data/cleaned/0.25g/mass_0.25g_trial_10.csv,full_trial,689.0,10394.0,66.66666666666667,0.004203555654873798,-0.026939189330411815,0.024239664130095054,0.042256923076923074,0.2873176358741169,0.2873176358741169,0.24221961370994752,0.19829,0.7188069230769231,1.31755,2.501784900498957,-0.4644038123328209,-0.7777830546852362,28.532705454391298,20.586468838529314,0.6366425705260415,0.11898329381939975,0.23548694074798826,0.6185139986597421,0.02951290275761974,0.25033205153057075,0.25033205153057075,0.21372632278748993,0.18517,0.5338070972423803,1.02873,2.132396127378005,0.40061508318019995,-0.968665620494491,28.436635739056648,24.102211002724538,0.4959462966455387,0.060495472412243914,0.1292834127327138,0.7859898004465365,11.399781277213354,1.5510506607571635,1.5510506607571635,1.294021174795301,1.0845399999999987,3.856568722786646,6.88739,2.4864234420969957,0.49564943212320506,-0.7379568160148411,28.148426593052694,21.325237014034258,0.6219240950182916,0.08103272452331664,0.24408523716235678,0.6422014029612033,1.3822351729313889,0.8002509849130853,0.8002509849130853,0.6664722470941173,0.5966813729269924,2.5157785289454044,3.80597667119081,3.1437368730244564,0.6213814788901079,-0.3210912723698307,10.567668686811592,14.37034254645232,0.8449593820497702,0.08883381297249811,0.5345771098526726,0.35054514926288627
mass_0.50g_trial_01,0.5,data/cleaned/0.50g/mass_0.50g_trial_01.csv,full_trial,754.0,11353.0,66.66666666666667,0.055593994491992545,-0.21107029573403951,0.0076898368036802875,0.06339083554376658,0.6097266590088265,0.6097266590088265,0.5146911227476447,0.48748,1.4698208355437667,2.8547000000000002,2.410622553281682,-0.17897988824247232,-0.8795201785586686,18.912609364225663,16.84348108481458,0.31724440698758427,0.08998495550088527,0.08221068994351713,0.8229117660336287,0.017077374005305037,0.36441323091555516,0.36441323091555516,0.3131631004932139,0.316615,0.7975873740053051,1.52189,2.188689395281942,-0.16955348680367927,-1.1110022782100872,18.560746864426115,17.899693015809984,0.38707879562202274,0.054159540026767,0.03984630748932667,0.8980320677596683,11.58797299734748,1.771254969914772,1.771254969914772,1.53759938759859,1.2827200000000012,4.4997229973474795,8.06122,2.5404151710377385,-0.3799991285026701,-0.9935847791877133,18.824643739275775,16.94063968972772,0.5228244911335281,0.1048869385426247,0.07925535660997703,0.8061598963360862,1.7429904963498468,0.7771048189622005,0.7771048189622005,0.6246245594819485,0.5494590053726333,2.7766056755341944,4.376066295751674,3.573013070800752,0.5257126682004916,-0.03824284582982296,28.58882810871321,16.808781828159596,0.8697788950122025,0.08383712221240332,0.3633389041890652,0.5198204218673077
mass_0.50g_trial_02,0.5,data/cleaned/0.50g/mass_0.50g_trial_02.csv,full_trial,661.0,9955.0,66.66666666666667,0.029659806065384237,-0.44694718783245857,0.03595096511938126,0.07936172465960666,0.34073853724438047,0.34073853724438047,0.29508270181566004,0.26087,0.8661182753403933,1.5625200000000001,2.5418852893625186,0.35382577075948346,-0.9775755983741976,22.46721441662696,18.889702601785196,0.41378185056650174,0.1291729046777309,0.07515958113897861,0.7870455962089502,0.0694573676248109,0.30077632375864716,0.30077632375864716,0.2567520480361438,0.21817,0.772977367624811,1.3691200000000001,2.569940871559669,-0.4152386275790405,-0.824498720743092,22.968714738426666,19.59336276355279,0.44269250079505024,0.0957838511581675,0.09189310425330098,0.8087684436874917,11.507681467473525,1.353964950397687,1.353964950397687,1.1173636265137177,0.9665200000000009,3.495518532526475,6.732559999999999,2.5816905611181222,0.3915335429353432,-0.5837473114044869,22.46721441662696,18.2886972035872,0.5776642102790431,0.14612864374592144,0.08564414758346062,0.7611644867162619,1.2488115230171901,0.6930079469833684,0.6930079469833684,0.5639534883945578,0.4643500824977851,2.2525185898604834,3.3671455128265597,3.250350302136639,0.7707559251133451,-0.018399580251422076,21.263613644307657,17.550238987475435,0.843926167754149,0.1435974642106826,0.11956402217803003,0.7163176789408021
mass_0.50g_trial_03,0.5,data/cleaned/0.50g/mass_0.50g_trial_03.csv,full_trial,770.0,11591.0,66.66666666666667,-0.06117366852689565,0.0024097208057523257,0.004191734769877446,0.03396431168831169,0.5699419377521556,0.5699419377521556,0.47815342877382355,0.39652,1.4861756883116883,2.71355,2.607591387594933,0.48238557314732594,-0.7394483183413496,18.524784679484156,17.74568096626527,0.3394117379741852,0.06982649763673049,0.06695458141592213,0.8469508572843718,0.094293012987013,0.3607701520510281,0.3607701520510281,0.3112193135435993,0.27398,0.825676987012987,1.4935999999999998,2.2886510492037644,0.3870858716534424,-1.0231196068958683,18.35246110107035,17.630811050179588,0.4076462304785882,0.0463017183420166,0.04964698116542964,0.8945890203801709,11.440777818181818,1.4950321585447692,1.4950321585447692,1.309332990318772,1.3189850000000005,3.655032181818182,6.959910000000001,2.444784990696059,0.06846801342488867,-1.1439782512802346,18.783270047104864,17.021043435313057,0.38436615438255073,0.05950558731520713,0.11664060717144585,0.8166875172296603,1.5120872458716763,0.635375661301914,0.635375661301914,0.5267257184662941,0.47876356688151694,2.208843862246984,3.608659670736263,3.4764376364699916,0.2982080699363359,-0.474808942707285,28.77803759510562,15.471924662138797,0.8941953155356214,0.19435073839211706,0.32987254205498673,0.4149604179470056
mass_0.50g_trial_04,0.5,data/cleaned/0.50g/mass_0.50g_trial_04.csv,full_trial,728.0,10943.0,66.66666666666667,0.08478912359171266,0.008432929029064975,0.0049304334971924215,0.10344508241758242,0.38470083125371707,0.38470083125371707,0.3431783191945417,0.330425,0.7560750824175825,1.5020600000000002,1.9653585877461686,-0.13877232277261842,-1.3038173097060275,24.365643951340253,20.727977236640328,0.5101547156624635,0.0858234328018289,0.09912863812790444,0.808236788419897,0.024758901098901095,0.3765951438652102,0.3765951438652102,0.31903026506460574,0.30894999999999995,0.9317889010989011,1.78627,2.474245662159691,-0.045562787900457015,-0.9094883396002285,24.274386857889542,19.530378774956272,0.5828430948161816,0.1392598720190257,0.0870285854532179,0.7661759099697865,11.48899717032967,1.5091323408950585,1.5091323408950585,1.3464755074870185,1.2922099999999999,3.12981282967033,6.097479999999999,2.073915418056745,0.14143045452888214,-1.2630932766338434,24.91318651204453,20.349722576589944,0.5282536803030492,0.13053776531448272,0.08956071387549279,0.7688706117376801,1.4789448162317258,0.6164586643294632,0.6164586643294632,0.5134156723028636,0.47457071790631233,1.6988928237832635,2.9728539719188585,2.7558909008622496,0.25870934447951344,-0.6121797928996373,16.517533914578973,16.662633540084286,0.8629235701269123,0.10258997088024654,0.21066890411830028,0.6332097293388649
mass_0.50g_trial_05,0.5,data/cleaned/0.50g/mass_0.50g_trial_05.csv,full_trial,785.0,11835.0,66.66666666666667,-0.03890059497423564,-0.1469923387949316,0.00650136981866792,0.03891419108280255,0.5444534969934733,0.5444534969934733,0.45929673463426507,0.43439,1.2992141910828026,2.54,2.3862721026813003,0.04248000543801631,-0.8685074150305616,21.940751145590056,18.468462115366304,0.48787177108664376,0.1116242006237334,0.10243481728920109,0.7812616570259775,0.029917133757961786,0.4192094742712657,0.4192094742712657,0.3548942087711469,0.30462,0.9985071337579617,1.9491399999999999,2.381881123974405,-0.4873624430529552,-0.8614180975258972,21.68758863237171,19.22231193127381,0.43097946566543954,0.08516112431713019,0.07163458585963649,0.838603493344811,11.53775833121019,1.6617597118500747,1.6617597118500747,1.384001114592884,1.29514,4.28812166878981,8.19499,2.580470352127954,0.1041675378179777,-0.8963539112786045,21.940751145590056,19.84213992834062,0.4890100827164223,0.07594077785405254,0.052688580490945644,0.8658202994270386,1.6332531694140509,0.7523932603593769,0.7523932603593769,0.6403213220813286,0.5636615915219501,2.686228618083743,4.145036683764295,3.57024545488443,0.49454114006593264,-0.5190995183137193,21.940751145590056,15.301883046692602,0.8153316079579442,0.2615978684298762,0.12672216394036862,0.5899391611089504
mass_0.50g_trial_06,0.5,data/cleaned/0.50g/mass_0.50g_trial_06.csv,full_trial,751.0,11323.0,66.66666666666667,0.02660560359488931,0.0729759397662804,0.15215597868538566,-0.04072476697736351,0.3119468555662146,0.3119468555662146,0.2645023756695467,0.20409,0.7794147669773634,1.40364,2.4985498429296493,0.48635716501708,-0.8121514134623222,24.25451042742671,20.116785223416507,0.6099128831512471,0.0854983525549691,0.10114444528308522,0.8033960703778773,0.04099400798934753,0.23253361439703407,0.23253361439703407,0.19816293804443613,0.18714999999999998,0.4882859920106524,0.96995,2.0998512119496837,0.1396225780312586,-1.0166074232130773,23.813519328746224,20.803040065851235,0.42532831862515835,0.07464821009103277,0.06995636065134492,0.848363357700344,11.506983821571238,1.4072525020359568,1.4072525020359568,1.246939311738809,1.1549000000000014,3.2440961784287623,5.935650000000001,2.3052694336910635,0.2718920927490921,-1.2002507688254953,23.90171754848232,21.871735198586656,0.42680278002232735,0.047960269335151705,0.06483833888458787,0.8799684722765826,1.3280196292722628,0.6067175547783498,0.6067175547783498,0.4925996013611243,0.43940217533395676,1.9161472682081147,3.1111077158486373,3.1582195918298996,0.2919489095676095,-0.3363887224190165,0.6173875381526799,15.392636695634911,0.8547579930141066,0.1424031724354896,0.24593512482967886,0.5776280993483666
mass_0.50g_trial_07,0.5,data/cleaned/0.50g/mass_0.50g_trial_07.csv,full_trial,839.0,12662.0,66.66666666666667,-0.06668774681130613,0.5579605712409085,-0.045051879886391574,0.07665704410011918,0.6328482665939386,0.6328482665939386,0.530765390746973,0.49289,1.4633229558998808,2.78171,2.312280894400883,0.27919613712178026,-0.904677558886315,20.430524337831436,19.007776628260604,0.34657415930172186,0.05693933622581747,0.05394729897798858,0.8854136937931206,0.06332510131108463,0.3830841557153606,0.3830841557153606,0.334726268998936,0.28962,0.8176351013110846,1.63448,2.134348521369295,0.3127455346720363,-1.1501124308581343,20.667171337883538,19.125799836736647,0.5346580037389972,0.08274115689671756,0.04668198002634643,0.8657670798249643,11.596059058402862,1.8096899901547931,1.8096899901547931,1.564334887892249,1.53904,3.8614790584028613,7.6496900000000005,2.1337793099427858,0.022580850030948788,-1.1075024324599867,20.430524337831436,19.309629615934927,0.4177336978991357,0.05601707210664732,0.049068351844296164,0.8917446813012154,1.7806769133215568,0.8071046956381632,0.8071046956381632,0.6806235018153806,0.669742582100423,2.1474018259630108,3.769795314320847,2.660623631070686,0.2739032203476993,-0.8001664223955935,20.430524337831436,17.073475809501147,0.8073633639043654,0.12275111369907758,0.2178819308409142,0.6308518526222541
mass_0.50g_trial_08,0.5,data/cleaned/0.50g/mass_0.50g_trial_08.csv,full_trial,843.0,12712.0,66.66666666666667,-0.04435999606128622,0.005029473034009057,-0.030533653822528616,0.044810450771055756,0.5562153459600069,0.5562153459600069,0.475401863029428,0.4689,4.171339549228944,5.52651,7.499504606492595,0.42465210611990517,2.3891868327260957,28.28610397539851,20.36301139856897,0.6424400495280242,0.14131028058524495,0.18871051758045593,0.6387988683343322,-0.03475193357058126,0.3611473316664656,0.3611473316664656,0.30707728135830764,0.2855,2.718658066429419,3.5132600000000003,7.5278365034141,-0.289598773930949,2.492926987140949,28.128958953312964,20.977916533410845,0.5942234620002228,0.14297738114782255,0.16705188926886427,0.6550524241668245,11.527673760379598,1.92377462360623,1.92377462360623,1.6034375406142838,1.4776699999999998,5.426546239620402,10.1488,2.8207806533220703,0.11192514539325851,-0.7906484044094237,28.836111552697925,21.521607824742926,0.6269675528350844,0.14967157594715697,0.1461099669408418,0.6545114225364866,1.789556961127538,0.9686060042981781,0.9686060042981781,0.8111302815045427,0.7128864692603256,5.575127649082298,7.23289485953262,5.75582602662252,0.6983175410349675,0.5705626549038318,8.250113659491232,11.003205627842355,0.8280443536847013,0.11617330369392545,0.6923552663905648,0.16095471050379676
mass_0.50g_trial_09,0.5,data/cleaned/0.50g/mass_0.50g_trial_09.csv,full_trial,779.0,11754.0,66.66666666666667,0.10415194165039764,0.04973675210211276,0.6272464304704136,-0.03466599486521181,0.3831461381055422,0.3831461381055422,0.3206634447903158,0.28092999999999996,0.8729540051347882,1.65909,2.2783839332195552,-0.2887289479414474,-0.8617810512944519,19.797592188977415,18.36807699717661,0.5359905964428483,0.07152345101385425,0.07316708894490218,0.8483109889531192,0.0280998973042362,0.3036665931551395,0.3036665931551395,0.25753976194752826,0.25245,0.6927198973042362,1.34375,2.2811857244709635,0.18272897122922913,-0.9962364727735751,19.627655775338127,17.994297507481917,0.24618591042898536,0.07770606786881498,0.04046763434417401,0.8794638343925338,11.485450449293966,1.5961818922064883,1.5961818922064883,1.3851934333705205,1.2432599999999994,4.353699550706034,7.1642600000000005,2.727571069414702,0.3588745329773276,-1.0445895570276724,19.627655775338127,18.382982319549512,0.4419831134577129,0.04998992429576715,0.05741920686392641,0.8877809389753575,1.5013046685443519,0.7299967727041395,0.7299967727041395,0.5985167155357868,0.540159419057372,2.860783705098828,4.215868843473535,3.918899113076319,0.4009869959402684,-0.3153003626364712,0.4248410340982278,17.26975282030263,0.8552565177740111,0.16016878992020217,0.24229009589579212,0.571292421107832
mass_0.50g_trial_10,0.5,data/cleaned/0.50g/mass_0.50g_trial_10.csv,full_trial,669.0,10109.0,66.66666666666667,0.011812187960981458,0.07454636352189603,0.10033990591959878,-0.011245695067264574,0.4087200781882424,0.4087200781882424,0.3500882475014579,0.30572,0.9038856950672646,1.72477,2.2115030391312605,0.3148794138712964,-0.9970070825337793,20.544968660806084,19.073444006970995,0.2988093667365673,0.055591170518481024,0.06546709811518342,0.8746884213063862,0.06407843049327354,0.3334757884104663,0.3334757884104663,0.28396372378290335,0.26784,0.7459915695067264,1.43638,2.237018684512429,-0.07397917480231482,-0.9920284267490391,21.03883809976777,19.467501466637295,0.2961360233090778,0.05971580413217548,0.05255140450780778,0.8827197526783863,11.50528759342302,1.4942821068618974,1.4942821068618974,1.2736152862738264,1.2657500000000006,3.26240240657698,6.184290000000001,2.183257359233368,0.1607569954695262,-1.0433276786904941,20.446194773013747,19.56793397680338,0.40289257347993385,0.039190236222599074,0.03561570564134386,0.9210957840771716,1.4262958878919147,0.6905195571744731,0.6905195571744731,0.5829726311653715,0.5503634192900461,1.8498199968320952,3.0870141694566136,2.678881398234898,0.3436850470342523,-0.7675119897403229,25.286115274838256,19.12099184904286,0.8384575885407465,0.1362302182632629,0.13651137799494542,0.6945884201656958
mass_0.75g_trial_01,0.75,data/cleaned/0.75g/mass_0.75g_trial_01.csv,full_trial,788.0,11925.0,66.66666666666667,0.10014390522125505,-0.011698023366865231,0.08704113948494063,0.06406482233502538,0.4305144634594883,0.4305144634594883,0.3671845015331495,0.359445,0.9788851776649746,1.874,2.2737567741602445,0.14172994736350925,-1.0591790421632523,18.927731485643886,18.286249501998757,0.3915408505793248,0.051130494843055437,0.04473221303799564,0.8963187147065419,0.04461534263959391,0.41302505442927295,0.41302505442927295,0.35569484198252976,0.34375,0.9529046573604061,1.8618000000000001,2.3071352382657526,0.1335278292138405,-1.001155951010177,19.011482509916647,16.90408498538475,0.435775660001887,0.08279543946483234,0.09816232843912419,0.8124356997226123,11.483213959390863,1.5711767619953108,1.5711767619953108,1.3220867382565897,0.9936749999999996,3.8231360406091373,6.79875,2.433294670011513,0.582783835874361,-0.7403719007483924,18.760229437098364,17.6983387042021,0.3210685188403222,0.04404631426118381,0.11185456223069615,0.8343597674006313,1.498545356468714,0.7608486254664855,0.7608486254664855,0.6114117983511882,0.5099037460792115,2.3835104372318057,3.7273232252024044,3.132699931961429,0.6925641893466469,-0.08126902380334133,18.760229437098364,16.97823712658278,0.8106682962194105,0.08214883979615177,0.38048740772512996,0.4843327290626807
mass_0.75g_trial_02,0.75,data/cleaned/0.75g/mass_0.75g_trial_02.csv,full_trial,675.0,10161.0,66.66666666666667,0.06416665961391342,0.3623196206411563,-0.00572450699149501,0.053283140740740746,0.6472022528241494,0.6472022528241494,0.565646907829904,0.47889,1.653693140740741,2.80668,2.5551411997171525,-0.39797037533050056,-1.063987545769062,26.434551863189117,20.56615420796392,0.5593618316626869,0.08194124318584496,0.2350472444598652,0.6707906529454565,-0.013069985185185184,0.4861285893565381,0.4861285893565381,0.42491566068587105,0.3832,1.1296299851851852,2.09822,2.323726705068745,0.3089709608923043,-1.1148412370729865,26.925900410832035,20.86576848586691,0.6312310613121506,0.12879147628386273,0.15722431012507804,0.6940060593414388,11.47835857777778,1.8268255133773104,1.8268255133773104,1.6018335313909466,1.1792299999999987,3.9720714222222213,6.757990000000001,2.1743025774141542,0.5419621337100121,-1.0654183433030415,26.5328215727177,20.763631071104825,0.6295043771568011,0.07258553387432727,0.2490353109473571,0.6653484753425257,1.8453317119790396,0.7663120060009581,0.7663120060009581,0.6121438218646578,0.4868575347097155,2.3174426753579582,4.015603769754578,3.0241502902344726,0.5221973299611795,-0.0050649496165999786,26.5328215727177,15.249462304539682,0.8353330830619192,0.09130127614935636,0.5024344486627964,0.3807627343072532
mass_0.75g_trial_03,0.75,data/cleaned/0.75g/mass_0.75g_trial_03.csv,full_trial,783.0,11743.0,66.66666666666667,-0.09294643565112573,0.0031369236741109465,0.0826519821405555,0.09875169859514689,0.34174538360581946,0.34174538360581946,0.2864655354769047,0.24319,0.7862516985951469,1.45393,2.3006944243087006,-0.3472489967464218,-0.8915325877002953,29.00148986874136,22.07956493303454,0.6220944154245357,0.06418662698521019,0.23429848724636868,0.6233518070712375,0.0007571136653895259,0.4545681139828294,0.4545681139828294,0.3954395401972634,0.31882999999999995,1.0110071136653895,1.87854,2.2241047767454685,-0.43397443317176293,-1.061773490074292,29.17158658351404,24.00847249726974,0.5900592130959968,0.07230189958120795,0.14382321986412328,0.7111597627246549,11.50412717752235,1.585438410498533,1.585438410498533,1.3454090181686509,0.9473900000000004,4.3147128224776505,7.12942,2.7214635358310204,0.6439380684313686,-0.7396367523505574,29.086538226127697,20.08575796657029,0.6951273163713797,0.09946707477847985,0.29096763088948924,0.5291068597855544,1.5020379662926149,0.762180410903781,0.762180410903781,0.6141696976718911,0.5196067439707701,2.918851122150986,4.248186307848034,3.829606587093809,0.7783695794091762,0.19836565799931405,10.03570617158792,13.196257693228272,0.872361258145483,0.11580559389278632,0.5532539718152728,0.2946278509968386
mass_0.75g_trial_04,0.75,data/cleaned/0.75g/mass_0.75g_trial_04.csv,full_trial,866.0,13109.0,66.66666666666667,0.05764497787425096,0.026781541528784668,-0.030392798087988775,0.06982750577367206,0.4986789801634187,0.4986789801634187,0.43199156985209797,0.388855,1.387097505773672,2.39012,2.781543961045071,-0.3234422985880339,-1.0135653943690601,23.391982343201807,20.707144755753166,0.46250377144892557,0.07099618568633537,0.07749876046627092,0.8464974756535046,0.0762444457274827,0.5234754701371558,0.5234754701371558,0.4521431525582834,0.43250500000000003,1.2089055542725173,2.2816,2.3093833870683036,0.16145275729854952,-1.0220580371913692,22.858614667623918,19.979666359661877,0.5131940763219884,0.0929829016660817,0.07102565534389504,0.8286075419321236,11.504722055427251,1.7656658265614045,1.7656658265614045,1.5299108662908225,1.3443550000000002,4.3025279445727485,8.032910000000001,2.4367736407697413,0.36478831091590863,-0.9919999450339714,23.011005432074743,20.118820421499652,0.47116996094325475,0.06514726362316688,0.09719976502408034,0.8305204203507184,1.7417589479672002,0.7788188950937847,0.7788188950937847,0.6331178691963286,0.566237080167389,2.5951717802948777,4.125765997825016,3.332189032191328,0.5346401218663202,-0.1329154847520191,23.011005432074743,14.674605288389927,0.8822273791105086,0.24279245976360472,0.19609655911469712,0.5307785345092861
mass_0.75g_trial_05,0.75,data/cleaned/0.75g/mass_0.75g_trial_05.csv,full_trial,811.0,12254.0,66.66666666666667,0.0037674463930111508,-0.5583482466305947,0.0893642072485192,0.0666677065351418,0.3889687666180381,0.3889687666180381,0.331793064718931,0.25633000000000006,1.041507706535142,1.87682,2.6776126926352624,-0.5541297576600926,-0.8030111297558369,18.175700246906867,17.012896911028896,0.493622451418059,0.08487818281663619,0.08488211495687137,0.799633465897158,0.018663205918618985,0.42836519282960706,0.42836519282960706,0.37415407250186633,0.3134,0.949276794081381,1.7631100000000002,2.2160455844015776,0.41731264832920517,-1.0725378456966084,17.931184100087492,17.349757460810917,0.4429700716146269,0.051219047692284844,0.05744435641126897,0.8625719104929864,11.459328014796546,1.6719068673402717,1.6719068673402717,1.4030345877355292,1.2322699999999998,4.138578014796545,7.6208100000000005,2.475363966523052,-0.34308524102593807,-0.7905998053991117,18.175700246906867,16.14431721127273,0.37382644558173933,0.12746387282088723,0.07774055427180686,0.7743517081777704,1.5659648389033634,0.8232983275886258,0.8232983275886258,0.6791126280552725,0.6210934006526692,2.595894844878057,3.9460078685371127,3.1530427767067417,0.5809187759631862,-0.341638440611586,18.175700246906867,16.285066389912636,0.8352547011833195,0.11814227753764867,0.3443241902728222,0.47164307984450726
mass_0.75g_trial_06,0.75,data/cleaned/0.75g/mass_0.75g_trial_06.csv,full_trial,761.0,11485.0,66.66666666666667,-0.007664713896239444,0.006290568381846629,-0.003717437317150706,0.005988278580814715,0.6064540087317098,0.6064540087317098,0.5259933005710379,0.43142,1.3427182785808147,2.45138,2.2140479892100475,-0.41928038387646377,-1.1093293328722917,28.347550395424072,22.296538399672272,0.5989590034582271,0.04908469259162066,0.240949724488699,0.6768454803366455,0.08812136662286466,0.36448232479181863,0.36448232479181863,0.31376240222682306,0.25168,0.8073186333771354,1.5924399999999999,2.2149733429138205,0.38548910952699744,-0.9662789817475508,27.651904986947407,20.281240107716243,0.6994591441576824,0.10364698266038129,0.26127038215754655,0.6084416310350067,11.526709986859395,1.6906519832325089,1.6906519832325089,1.477473707912509,1.1232500000000005,4.331179986859395,7.198,2.561840065143522,-0.5093207273849343,-1.0202070179101503,28.52146174754324,21.057627903579323,0.6333152707324313,0.07729446896491024,0.26010057323749325,0.6311688891216288,1.6803756210061673,0.7316254031460103,0.7316254031460103,0.5863852923648653,0.5093057558809579,2.738782147284839,4.146484957720756,3.7434213403580534,0.580542559223856,0.049654293165135144,28.52146174754324,14.434235697973595,0.8905736033961963,0.11687561576368233,0.46695256053670064,0.3862315284732154
mass_0.75g_trial_07,0.75,data/cleaned/0.75g/mass_0.75g_trial_07.csv,full_trial,667.0,10125.0,66.66666666666667,-0.064483118408298,0.027959210137244922,-0.8024315826955285,0.08773242878560719,0.47255037445038756,0.47255037445038756,0.3981045973714792,0.3518,1.2881075712143928,2.36541,2.7258629785502997,0.3051215477735228,-0.8136352465258878,27.810094952928427,21.279237197908007,0.5651987237494045,0.08854400801435616,0.2118942902483094,0.68249855982153,-0.016660404797601197,0.3408675813836905,0.3408675813836905,0.28995373416739906,0.27748999999999996,0.8196904047976012,1.57114,2.4047179889334616,0.13247480447600124,-0.9808834087915779,27.317008162982887,22.53236671322306,0.5956013459896038,0.09578361954003017,0.11753832702157804,0.7647513498326923,11.4729347976012,2.0599594228573928,2.0599594228573928,1.7322491841785255,1.5362899999999993,4.4718552023988,8.684249999999999,2.1708462568625935,-0.25452908772652966,-0.9591500436894065,27.317008162982887,23.020587088962593,0.5100384037688112,0.049452980805558294,0.16089232041016474,0.765273537404528,1.8664249427887731,1.0485157705950137,1.0485157705950137,0.9097501954954365,0.8991579316258809,2.634468369944043,4.385438788328652,2.512569141853756,0.3242915232810677,-1.0066742376605473,11.439613526736515,13.66702102057488,0.7921037333232378,0.047412526469116825,0.6812708381642337,0.2540394760712548
mass_0.75g_trial_08,0.75,data/cleaned/0.75g/mass_0.75g_trial_08.csv,full_trial,853.0,12891.0,66.66666666666667,-0.023787301767804706,-0.016431095854536597,-0.02959382458345457,0.06849166471277843,0.5057480297308093,0.5057480297308093,0.4276283530027803,0.38306999999999997,1.2592616647127786,2.35487,2.4898992990304603,-0.17908911431474334,-0.8545490965884728,27.893721211476134,18.25142823388263,0.6464980194488524,0.17463779635475207,0.26716822516585087,0.532343889729305,-0.012159132473622507,0.32754875600270433,0.32754875600270433,0.2747945135368034,0.25501,0.7272708675263775,1.4439600000000001,2.2203438547645495,-0.15743788062572253,-0.9044728637020834,28.203651447159203,24.32946045162787,0.5656151785729379,0.07400160126765239,0.08248819303705196,0.8014468731523923,11.441106107854631,1.594701249725937,1.594701249725937,1.4090213821709188,1.125259999999999,3.4818238921453677,6.527569999999999,2.183370642459676,0.4039190350179864,-1.1931959240973102,27.42882585795153,21.34261629802321,0.6521955601187421,0.051208958587489944,0.2717727719821596,0.6584563110613745,1.5645684812390752,0.6769540608684121,0.6769540608684121,0.5634640086432702,0.48958446885235807,1.933838724091741,3.3157230836331952,2.856676451000188,0.30309071330818754,-0.6043987818438579,13.714412928975765,14.7822365902644,0.854140128711323,0.06570372560234782,0.5072977289135594,0.40841110678139525
mass_0.75g_trial_09,0.75,data/cleaned/0.75g/mass_0.75g_trial_09.csv,full_trial,732.0,11026.0,66.66666666666667,0.018352679054044863,0.02723931707815546,-0.0012022771014015869,0.07424081967213114,0.686140836664509,0.686140836664509,0.5849414019528801,0.5040749999999999,1.6575908196721312,3.13567,2.4158171778990267,-0.281577733290784,-0.9192926290307195,21.103001450053284,19.539599635960162,0.3014697365762555,0.06940100262920146,0.04736993725443287,0.8775306208682977,0.07613510928961749,0.46598915304616484,0.46598915304616484,0.4021594268267192,0.387925,1.3011951092896175,2.4035200000000003,2.792329179303257,-0.07703124010989836,-0.9646689781904416,20.74071816335709,18.71951632178827,0.3212188891804604,0.07012971067582106,0.08128189693306247,0.842323967044855,11.437718989071037,1.582317266547822,1.582317266547822,1.3627330343545638,1.2008900000000002,3.736271010928963,6.54926,2.3612653984876695,0.4125349556930265,-0.9843660155293774,21.465284736749478,19.054569816939733,0.33709136455802824,0.09928309485703045,0.053014312541899734,0.8429021187538379,1.6494665839375948,0.686238339779969,0.686238339779969,0.5537749500811202,0.4586331285586006,2.107424841596387,3.6125795891342367,3.07098091061496,0.4598536720357423,-0.17685115686926922,23.367271991904495,17.15467973737539,0.8605333856995023,0.19332173162540142,0.13229436351910176,0.6452373883008216
mass_0.75g_trial_10,0.75,data/cleaned/0.75g/mass_0.75g_trial_10.csv,full_trial,739.0,11142.0,66.66666666666667,0.031077733903009316,-0.14133980428207854,-0.08946197220990879,0.0021902841677943247,0.5755273684878409,0.5755273684878409,0.5080093331697554,0.472,1.3372402841677944,2.56041,2.3235042456474355,-0.2258456615743192,-1.1413301673937903,25.90279402189874,20.51768128121684,0.5580817744679906,0.12963499246958088,0.13728313522878222,0.7222260857405105,0.016919458728010827,0.40222798493002787,0.40222798493002787,0.34125722936858316,0.28165,0.9095894587280108,1.6501899999999998,2.2613778573518304,-0.4334452419565938,-0.9530158303078919,25.544277841664847,21.984518163713762,0.5854675012349164,0.04397382216115239,0.13557066722412475,0.8102463672470492,11.470951502029768,1.9299362919787433,1.9299362919787433,1.6703102252797457,1.6063200000000002,4.773651502029768,8.9927,2.473476208447997,-0.015718210537969807,-1.00702308627282,26.082052112015685,20.906918569546168,0.6594755607819351,0.09407138971816466,0.17074573701826634,0.716594864170072,1.857791528186412,0.8753763948353124,0.8753763948353124,0.7253660379866081,0.626309031338075,3.0015184860175532,4.551970157864469,3.4288318758952134,0.4986577869197546,-0.37639271300045785,0.5377742703508389,15.224336189150085,0.8708310801541297,0.1367763542410004,0.44306160386924653,0.37812719151657437
mass_1.00g_trial_01,1.0,data/cleaned/1.00g/mass_1.00g_trial_01.csv,full_trial,784.0,11829.0,66.66666666666667,0.017961273705360294,0.05571402576766368,0.05144285181002542,0.040538469387755106,0.5239572318372904,0.5239572318372904,0.4507598609954186,0.43135500000000004,1.2734284693877551,2.48712,2.4304053690076857,0.09755597865840024,-0.9912462896122314,24.06259866368591,19.621401084328586,0.5193626897085499,0.12205502938308366,0.11148809243045735,0.7579283513793696,0.055702946428571425,0.4635711316385437,0.4635711316385437,0.40026709616435857,0.29925500000000005,1.0752829464285714,1.9058199999999998,2.3195640820597787,-0.530836353768831,-0.9504622470822026,24.315889175935236,21.245290896415035,0.41173902523335704,0.06805680668673679,0.07588972099099697,0.8474604772300262,11.456801849489795,1.73983986644862,1.73983986644862,1.5526856685040087,1.5683150000000001,3.558248150510206,6.84596,2.0451584189603267,-0.07283878907175823,-1.3342581856716245,23.809308151436586,20.062789591406478,0.49816670601089164,0.10417843558900829,0.10004588198198172,0.7868090300258482,1.7397097389151366,0.6999158235752466,0.6999158235752466,0.5870754667732865,0.5443820270187818,1.8748163032904053,3.3375576916170493,2.678631115544207,0.03974078459701334,-0.7720626464836697,19.41893927244828,16.995640632993343,0.8853845830981458,0.11635459504615162,0.23050114941746117,0.594482474164774
mass_1.00g_trial_02,1.0,data/cleaned/1.00g/mass_1.00g_trial_02.csv,full_trial,787.0,11869.0,66.66666666666667,-0.15700022181152606,-0.06981693802023138,0.03540908820751188,0.05315472681067344,0.5969755824593042,0.5969755824593042,0.5254767364850356,0.50445,1.4686152731893267,2.78698,2.4600927011775098,0.22310449143419442,-1.1805219209625695,18.175544698211418,16.61018515963159,0.2725748697691936,0.07629240947430363,0.05899795011860699,0.8590370376606628,0.05357750952986024,0.6543067895352431,0.6543067895352431,0.5729594694923382,0.57037,1.5416524904701396,3.03453,2.3561615363416633,0.0921652633413072,-1.147409524585587,18.259690738480916,16.440889184938015,0.4300645430891169,0.09379748152823869,0.06024653509461944,0.8407554919216688,11.603959860228716,1.9247251394201037,1.9247251394201037,1.6435025714234974,1.5535300000000003,5.012490139771284,9.47326,2.604262830630189,0.1384399162115867,-0.8944063576080148,18.42798281901991,15.896578529791745,0.5014866703961363,0.1257898778401174,0.09789126025813265,0.7670605109878095,1.933538856727941,0.8663091669395434,0.8663091669395434,0.7111481230108528,0.6260175868771813,3.2209176729576847,4.831042722793569,3.717977133194137,0.5733986729216669,-0.03299752507374043,18.34383677875041,17.796880469803614,0.8890734757175466,0.0998335600269898,0.3329927379240584,0.4512806095896749
mass_1.00g_trial_03,1.0,data/cleaned/1.00g/mass_1.00g_trial_03.csv,full_trial,764.0,11561.0,66.66666666666667,0.17296070754456705,0.04799509318709347,0.10536822293978992,0.02435527486910995,0.44842071816735984,0.44842071816735984,0.3740825555083469,0.34271,1.15269527486911,2.04373,2.570566497417946,-0.19131479690889236,-0.8514992950008171,21.596122728876995,19.56225015032997,0.3969114302814156,0.07248445718928989,0.06259250700004393,0.8595655000982793,0.08864531413612566,0.49056778337090773,0.49056778337090773,0.42036492578328444,0.34094,1.3142346858638743,2.24991,2.6790073266393235,0.45053572447123064,-0.9090517341334454,21.76889171070801,19.123870681090928,0.5632002007291845,0.08863317922739204,0.07970998893523229,0.8268836112241809,11.57547192408377,2.038773253073652,2.038773253073652,1.7994615503618323,1.2350750000000001,4.48834192408377,7.66752,2.2014914691063123,-0.5092447828170388,-1.1207444007715552,21.250584765214963,19.78853958561403,0.34170800312903526,0.06760460422233641,0.03806978713692427,0.8902331669737008,1.9541559177232726,0.8829546518586411,0.8829546518586411,0.7210308417569273,0.6248235563502242,2.6026240112685706,4.465638957323923,2.9476304426167115,0.46793313940070924,-0.3693244555655557,21.250584765214963,13.66157378812856,0.802815489620677,0.3459426146088413,0.12266671288314905,0.5194920079539851
mass_1.00g_trial_04,1.0,data/cleaned/1.00g/mass_1.00g_trial_04.csv,full_trial,666.0,10067.0,66.66666666666667,-0.07805840421639829,-0.8100449537353036,-0.05494556541214249,0.07476007507507508,0.688150006820847,0.688150006820847,0.5725296436075715,0.4653749999999999,4.3618500750750755,5.57829,6.338516358121085,-0.7729822361316757,1.2943967542978196,20.035432273425858,18.352868853804114,0.4976105774092758,0.054831365546305647,0.0868688578732016,0.8528583258783098,0.02712057057057057,0.5116419429760299,0.5116419429760299,0.4063931721811902,0.30108999999999997,4.88115942942943,6.156680000000001,9.540186250246705,0.780158333145027,11.169597537856651,19.638691040288712,16.822159924642573,0.4152155418502668,0.12129356115325926,0.10745361274882295,0.7657369827415369,11.441329174174175,1.8949358264114082,1.8949358264114082,1.6267946007719432,1.35041,6.8258691741741755,11.39789,3.602163766728117,0.3593295409196831,-0.7760652247581636,19.93624696514157,18.603275039107555,0.5128316262852911,0.049163173270821654,0.08497306310285971,0.8569496787739054,1.840690241000788,0.9684880652861787,0.9684880652861787,0.7694257699485808,0.682766000665254,7.616790577688803,9.385242313255304,7.864619968691216,1.089024399081753,4.8265062060659485,26.08573607876733,16.6817322044422,0.8820598358628666,0.17465314827026457,0.23541548575728774,0.5621594925828048
mass_1.00g_trial_05,1.0,data/cleaned/1.00g/mass_1.00g_trial_05.csv,full_trial,707.0,10716.0,66.66666666666667,-0.03814516690856476,0.000798990305608131,-0.02130626359777551,0.15030025459688826,0.5228595222046246,0.5228595222046246,0.4565300930881126,0.40158,1.2610197454031116,2.5067199999999996,2.4117754231309627,-0.30640668319423864,-1.042553576307883,22.364738473765843,19.895278171610027,0.41055479333624845,0.0811745090315369,0.062049176610777725,0.8516270858368844,0.03659360678925035,0.40955595015361124,0.40955595015361124,0.35943182621151587,0.32627,0.9709136067892504,1.8036500000000002,2.370649495936006,-0.3111426923712635,-1.0641350075022404,21.898806422229054,18.610129492641008,0.4977694511371101,0.11064050701584079,0.08859458418306736,0.7950241357857238,11.497548316831683,1.788885873801145,1.788885873801145,1.5467733065385745,1.4720499999999994,4.2754616831683165,8.293709999999999,2.3900136648088837,0.2172812112001108,-1.0617982876390855,22.17836565315113,19.571132754527554,0.446649067387366,0.09467243716167774,0.058865792886682776,0.840666957417399,1.7315879807920769,0.8017692252312882,0.8017692252312882,0.6629284316517414,0.6191183466585097,2.564618221675053,4.172225800551961,3.1986987539154192,0.3740210568202884,-0.4768946044123967,21.24650155007755,16.713633924239026,0.8515703405196275,0.17448196601912833,0.15849666699907122,0.6434349220791027
mass_1.00g_trial_06,1.0,data/cleaned/1.00g/mass_1.00g_trial_06.csv,full_trial,848.0,12805.0,66.66666666666667,0.011209097226178862,-0.09542062195989758,0.0658041445789968,-0.0030938325471698107,0.6943531755645405,0.6943531755645405,0.5980888667285955,0.5943449999999999,1.46731383254717,2.8432700000000004,2.113209652068168,0.047675484811487256,-1.1061763529821103,26.83282621020268,23.3251425925009,0.5524727212833128,0.0641122473334334,0.11382755437993769,0.8043132651750967,-0.02322551886792453,0.4744368633276347,0.4744368633276347,0.3981565050952296,0.343225,1.1669855188679246,2.10373,2.4597277510917874,0.4385510490528236,-0.8346814343842555,27.222838219071907,21.639276134347366,0.589700363964126,0.11351008971650874,0.1498473135290967,0.7172290253962009,11.560045566037736,2.6506642943363703,2.6506642943363703,2.251850647694909,2.1990799999999995,6.250435566037736,12.45834,2.35806381796176,-0.01935233829671332,-0.9682557961566904,27.066833415524215,22.595612633999885,0.5010146965691578,0.07784884452029328,0.13225132583020843,0.7725076860380568,2.473726230436713,1.270400097536137,1.270400097536137,1.076694239857384,1.0334988250817607,3.8781695152327234,6.1225839960811514,3.052715064139396,0.4064998967045549,-0.7008602163430391,11.23234585543368,13.500333969408265,0.8350525755383444,0.07326574409894179,0.6913343839769598,0.21154322600812178
mass_1.00g_trial_07,1.0,data/cleaned/1.00g/mass_1.00g_trial_07.csv,full_trial,771.0,11655.0,66.66666666666667,-0.02782413417721278,-0.007740593260682338,0.006005422380913078,0.0864736186770428,0.4978696473152126,0.4978696473152126,0.419004408545171,0.35084000000000004,1.2411936186770427,2.40039,2.4930092151032754,-0.33427513873623327,-0.821003056854686,23.821486856402732,20.024216230915783,0.5913644732524305,0.09584223978582522,0.08383178986765309,0.813279018588069,0.08147739299610895,0.36657182869219396,0.36657182869219396,0.32222978475576214,0.30155,0.8226826070038911,1.49031,2.2442603130168193,0.25812888607597784,-1.1926540509350112,23.564420451477524,20.880768001568285,0.49466942684296855,0.07023600660743352,0.07793839068383848,0.8425686103310391,11.42331203631647,1.9625437659435707,1.9625437659435707,1.6689896246725917,1.4911199999999987,4.873862036316471,9.2054,2.4834411955002533,-0.37282194861865536,-0.8627809323890063,24.078553261327944,19.567448209679853,0.55756283659504,0.14069734353005392,0.08019669742280398,0.7714539910049818,1.8262727242076917,0.94792144261405,0.94792144261405,0.7801295942214188,0.6931036591677144,3.0608544804429183,4.755745636261568,3.2290170290927342,0.568761230226548,-0.2621463594599862,18.08033714640639,15.582241262772328,0.8700573964251341,0.1485630122731947,0.21894162077568785,0.6084752040400812
mass_1.00g_trial_08,1.0,data/cleaned/1.00g/mass_1.00g_trial_08.csv,full_trial,823.0,12466.0,66.66666666666667,-0.0025037805813120694,0.06798242514113866,0.022852414912924078,0.034041178614823815,0.8880693273684123,0.8880693273684123,0.7596524299121993,0.66777,2.136111178614824,4.15928,2.4053428181611616,-0.2699094053405831,-0.9821347812692998,27.4814079963263,21.26096876529515,0.522072302389436,0.1172657606786057,0.164957854393302,0.6985763233042919,0.037741822600243016,0.4962760645539628,0.4962760645539628,0.41424049996382856,0.35226,1.2152281773997569,2.27252,2.4486939109021217,0.42961805181041535,-0.8259803172098024,26.920562935176783,22.842307113634362,0.6003711462117931,0.06496474831279611,0.14551298564340026,0.7643963735129744,11.534786755771567,2.164900412889154,2.164900412889154,1.8501287344259587,1.7813599999999994,5.195673244228434,9.817590000000001,2.399959468479468,0.08244366633923157,-0.9547424822982857,27.64164944236902,22.269350145137334,0.5610527837438235,0.1073419705709008,0.12855425808582724,0.7370245100714894,2.1780227363327405,0.9889225552119953,0.9889225552119953,0.814954858559116,0.6996636159097589,3.0255942529601083,5.08336532867506,3.059485535054372,0.41467903754459506,-0.4320973165762285,10.575935438819451,13.777124898092987,0.8690680502246746,0.08605439146447254,0.6096473656990243,0.27563522984284067
mass_1.00g_trial_09,1.0,data/cleaned/1.00g/mass_1.00g_trial_09.csv,full_trial,676.0,10187.0,66.66666666666667,0.016617302922133204,-0.03341366875454054,-0.20109144408881577,0.03274399408284024,0.500611268772405,0.500611268772405,0.4341395857112847,0.42495499999999997,1.1515760059171598,2.2909699999999997,2.3003397601117634,0.022991267095470454,-1.065027077921075,22.642415237132067,17.780046399338556,0.43391290963560986,0.17444604282395998,0.09426585939263081,0.7260951258877902,0.026860769230769233,0.34056895106336743,0.34056895106336743,0.2904654073736914,0.27608,0.7485292307692308,1.47289,2.1978786628436864,0.006134878366297408,-0.9961286102591789,22.83845346429338,18.819247244455095,0.401326068624054,0.1384255047514921,0.08374989993322972,0.7701006022886199,11.560658668639054,1.853993456166283,1.853993456166283,1.562216272189349,1.5159900000000004,4.639398668639053,9.03464,2.5023813612764716,-0.127672014315658,-0.9272667869953293,22.93647257787404,19.312387314947536,0.578540314602733,0.12443325201624789,0.06821348412784133,0.7975424558352975,1.727885913351675,0.9045998335167693,0.9045998335167693,0.7681112187667898,0.7225823839338945,2.9359758783275955,4.5505405204579485,3.245607360896302,0.40909665658164907,-0.6446080248822241,22.93647257787404,15.18483260523042,0.8164696736716494,0.26187098638616596,0.13065123030467377,0.590630100183382
mass_1.00g_trial_10,1.0,data/cleaned/1.00g/mass_1.00g_trial_10.csv,full_trial,804.0,12164.0,66.66666666666667,0.010861426754706001,-0.013815305478705762,-0.04257144736569651,0.03546910447761194,0.7371162008350695,0.7371162008350695,0.6599244386277567,0.559815,1.4562608955223881,2.88327,1.9756191681482633,0.2896348916992795,-1.3134967299089029,18.227875747649477,17.469597129929582,0.3094259972266107,0.050627661656559145,0.07110451367676227,0.8680004137576255,0.07500049751243781,0.5208708546211646,0.5208708546211646,0.451225016583748,0.362205,1.3814004975124379,2.4355599999999997,2.652097895777153,-0.47618959092096563,-0.9722926626556649,18.720521038126492,17.970863053164212,0.46918361874603537,0.05755118688219809,0.068384950051112,0.8641170617103782,11.457264950248755,2.033371898481975,2.033371898481975,1.7170488753991238,1.6253200000000003,4.913255049751244,8.634419999999999,2.4163091136546453,0.34459392789990356,-0.9093420050325194,17.981553102410974,17.340968760229,0.3824323990763682,0.046963191883422135,0.06116963866616462,0.8695999683331191,2.012313881106227,0.9485994213421671,0.9485994213421671,0.7859021196595573,0.7250746609081552,2.929137428888434,4.659715136350798,3.0878549606787833,0.4825796248114206,-0.2936001510727002,17.981553102410974,18.992549715929226,0.8198813008789803,0.09231134513647976,0.26899529969954383,0.4439328250814789
